first_name,last_name,date_of_birth,age,gender,city,state
Levi,Glover,Wed Dec 05 1928 04:21:13 GMT-0600 (Central Standard Time),,F,East Terrence,FL
Daphnee,Runte,Wed Oct 19 1960 00:01:53 GMT-0500 (Central Daylight Time),,F,Schmidtmouth,AR
Patience,Beer,Wed Jul 19 1972 21:50:21 GMT-0500 (Central Daylight Time),,F,Bodehaven,LA
Trevor,Lang,Fri Mar 09 1928 07:53:35 GMT-0600 (Central Standard Time),,M,Parisianchester,OH
Dimitri,Treutel,Sun Oct 29 1939 15:04:34 GMT-0600 (Central Daylight Time),,M,Okunevabury,WV
Maryam,Bednar,Tue Jul 25 1989 13:51:51 GMT-0500 (Central Daylight Time),,M,New Malinda,MS
Deonte,Terry,Mon Nov 05 1945 13:03:05 GMT-0600 (Central Standard Time),,F,South Samanthaburgh,GA
Maia,Gottlieb,Mon Feb 27 1928 01:49:03 GMT-0600 (Central Standard Time),,M,North Candelariohaven,LA
Royce,Schiller,Thu Feb 11 1960 18:11:17 GMT-0600 (Central Standard Time),,M,Spinkafort,IL
Dustin,Koepp,Sat Sep 26 1987 11:35:01 GMT-0500 (Central Daylight Time),,F,Franeckiport,NE
Hazel,Crona,Thu Feb 14 1935 06:17:25 GMT-0600 (Central Standard Time),,F,Port Lolita,RI
Orville,Kozey,Mon Jun 02 1947 04:12:04 GMT-0500 (Central Daylight Time),,F,O'Harafort,AL
Abagail,Bradtke,Sun May 20 1979 10:31:01 GMT-0500 (Central Daylight Time),,F,Vivianeport,TX
Tracey,Pouros,Wed Sep 09 1936 05:39:26 GMT-0500 (Central Daylight Time),,M,Wisozkfort,CO
Leola,Runte,Sat Mar 27 1943 16:19:28 GMT-0500 (Central Daylight Time),,F,East Lea,MN
Xavier,Weissnat,Mon Dec 23 1940 21:09:50 GMT-0600 (Central Standard Time),,M,South Kirkmouth,NM
Stanford,Turcotte,Thu Nov 17 1938 10:31:25 GMT-0600 (Central Standard Time),,F,Juliehaven,TN
Jannie,Kreiger,Thu Feb 03 1983 22:54:29 GMT-0600 (Central Standard Time),,F,Marlinstad,DE
Carley,Emard,Thu Oct 30 1969 18:36:19 GMT-0600 (Central Daylight Time),,F,North Amalia,NY
Carmel,Erdman,Sun Jun 11 1989 01:41:48 GMT-0500 (Central Daylight Time),,M,Dannystad,MT
Julian,Treutel,Sun Feb 13 1949 16:37:19 GMT-0600 (Central Standard Time),,F,Port Sherman,WA
Deshaun,Lind,Thu Sep 26 1996 22:09:38 GMT-0500 (Central Daylight Time),,F,New Brownmouth,AK
Dorian,Schowalter,Sat Oct 15 1949 18:26:13 GMT-0600 (Central Daylight Time),,F,North Theresa,MN
Jordy,Metz,Fri Oct 06 1939 10:58:08 GMT-0600 (Central Daylight Time),,F,North Jamesonberg,MA
Zachary,King,Sat Dec 15 1962 05:22:40 GMT-0600 (Central Standard Time),,F,North Jazminfurt,OK
Lyla,Krajcik,Tue Feb 07 1956 18:53:50 GMT-0600 (Central Standard Time),,M,East Orval,OH
Dashawn,Murphy,Sat Jan 05 1974 06:35:17 GMT-0600 (Central Standard Time),,M,Milanburgh,ND
Mariela,Kreiger,Sat Oct 26 1957 06:40:20 GMT-0500 (Central Daylight Time),,F,New Deannachester,VT
Adrien,Waelchi,Mon Jul 27 1970 14:23:04 GMT-0500 (Central Daylight Time),,F,West Darienmouth,MD
Jeromy,Sipes,Tue Jul 27 1993 09:52:47 GMT-0500 (Central Daylight Time),,F,East Elmore,FL
Ericka,Bednar,Sat Sep 21 1946 20:22:51 GMT-0500 (Central Daylight Time),,M,Laurenmouth,WI
Winifred,Adams,Sun Feb 19 1995 21:15:37 GMT-0600 (Central Standard Time),,F,Framichester,UT
Agustin,Buckridge,Wed Sep 28 1949 18:26:48 GMT-0600 (Central Daylight Time),,M,West Arnoldo,SC
Filiberto,Hermiston,Sun Jul 16 1995 06:26:56 GMT-0500 (Central Daylight Time),,F,South Jamartown,HI
Blanche,Swift,Sun May 05 1991 05:53:36 GMT-0500 (Central Daylight Time),,M,Madgemouth,MI
Aimee,Runolfsdottir,Fri Dec 10 1948 09:50:29 GMT-0600 (Central Standard Time),,F,Hermanntown,AZ
Onie,Waters,Wed Dec 10 1952 04:58:48 GMT-0600 (Central Standard Time),,M,Howardmouth,NE
Arch,Connelly,Thu Oct 12 1944 18:09:30 GMT-0500 (Central Daylight Time),,F,Kuphalview,CA
Lyric,Hoeger,Tue Oct 22 1963 06:47:30 GMT-0500 (Central Daylight Time),,M,South Cortneyfort,AZ
Rhea,Stracke,Tue May 19 1936 22:51:22 GMT-0500 (Central Daylight Time),,F,North Idella,OH
Skyla,Schuppe,Mon Oct 27 1969 11:44:55 GMT-0600 (Central Daylight Time),,M,New Alfonsoville,FL
Kenton,Ullrich,Tue Feb 12 1952 03:16:25 GMT-0600 (Central Standard Time),,M,Kshlerinport,NV
Hobart,Kemmer,Wed Nov 20 1946 13:46:33 GMT-0600 (Central Standard Time),,F,Port Houstonland,CA
Bridget,Kertzmann,Mon Aug 04 1975 15:33:29 GMT-0500 (Central Daylight Time),,M,North Amayaberg,UT
Sherwood,Thompson,Sun Mar 02 1975 04:08:52 GMT-0500 (Central Daylight Time),,M,Jakubowskishire,WY
Alexandro,Nader,Wed Nov 07 1934 15:08:52 GMT-0600 (Central Standard Time),,F,Jacobsside,NE
Vella,Hoeger,Wed Aug 10 1994 10:01:01 GMT-0500 (Central Daylight Time),,M,Ewaldmouth,IN
Oma,Stamm,Fri Oct 22 1993 20:18:23 GMT-0500 (Central Daylight Time),,F,Lylatown,AR
Reinhold,Bashirian,Mon Aug 13 1956 15:28:59 GMT-0500 (Central Daylight Time),,M,Littelfurt,PA
Karlee,Mante,Mon Aug 02 1943 14:39:58 GMT-0500 (Central Daylight Time),,F,Deonteburgh,NM
Kallie,Brakus,Wed Oct 23 1940 17:32:44 GMT-0600 (Central Daylight Time),,F,Johnnieberg,FL
Estella,Kovacek,Thu Dec 15 1938 18:48:56 GMT-0600 (Central Standard Time),,M,Andyborough,UT
Russ,Conn,Sun May 22 1983 00:58:02 GMT-0500 (Central Daylight Time),,F,Lake Maudefurt,ND
Stephanie,Prohaska,Sun Aug 30 1981 11:11:32 GMT-0500 (Central Daylight Time),,F,South Jasen,LA
Bryon,Huels,Wed Jun 03 1987 23:00:58 GMT-0500 (Central Daylight Time),,M,Celiashire,FL
Gerda,Hintz,Fri Apr 09 1999 13:39:26 GMT-0500 (Central Daylight Time),,M,Juliaton,WY
Richie,McGlynn,Wed Aug 30 1995 20:12:32 GMT-0500 (Central Daylight Time),,M,Lake Dorothyport,HI
Bonita,Schroeder,Sun Oct 07 1973 08:45:11 GMT-0500 (Central Daylight Time),,F,North Seanville,NH
Jeffery,Collier,Fri Dec 22 1961 01:08:43 GMT-0600 (Central Standard Time),,F,South Ari,PA
Reid,Kerluke,Fri Mar 20 1981 10:36:20 GMT-0600 (Central Standard Time),,F,Lake Samir,LA
Myriam,Treutel,Sat Jun 20 1959 06:47:15 GMT-0500 (Central Daylight Time),,M,Crooksstad,IN
Marcelo,Renner,Sun Jun 08 1941 08:30:33 GMT-0500 (Central Daylight Time),,F,Eldorachester,NE
Bethany,Dach,Sat Mar 02 1957 03:22:27 GMT-0600 (Central Standard Time),,M,Loraton,OR
Reggie,O'Conner,Wed Mar 29 1978 22:35:48 GMT-0600 (Central Standard Time),,M,West Phyllis,MS
Alec,Rath,Sun Apr 03 1955 02:27:52 GMT-0600 (Central Daylight Time),,F,Clarkfort,VA
Loyce,Reinger,Sun Feb 17 1974 20:41:32 GMT-0500 (Central Daylight Time),,M,East Javontown,TX
Kenton,Ullrich,Sat Sep 28 1968 10:07:05 GMT-0500 (Central Daylight Time),,F,Lake Barontown,CO
Garth,Denesik,Wed Aug 03 1960 00:00:08 GMT-0500 (Central Daylight Time),,M,North Misaelchester,MA
Erick,Hickle,Wed Feb 04 1942 22:07:06 GMT-0600 (Central Standard Time),,M,Port Lesly,MO
Shana,D'Amore,Thu Oct 13 1960 21:14:58 GMT-0500 (Central Daylight Time),,M,New Cathrineview,TX
Morris,King,Mon Nov 06 1978 21:04:10 GMT-0600 (Central Standard Time),,M,Port Bettieland,WI
Adelia,Rogahn,Thu Nov 22 1979 08:19:15 GMT-0600 (Central Standard Time),,M,Hermanbury,LA
Moses,Lakin,Mon Jan 20 1958 13:17:31 GMT-0600 (Central Standard Time),,M,Lake Elmo,AL
Dangelo,Nienow,Tue Oct 07 1969 05:51:29 GMT-0500 (Central Daylight Time),,M,Skyeberg,HI
Calista,Hermann,Tue Apr 08 1980 08:23:04 GMT-0600 (Central Standard Time),,F,DuBuquehaven,NJ
Jesus,Harber,Thu Sep 29 1955 00:01:19 GMT-0500 (Central Daylight Time),,F,Port Roscoebury,MA
Cole,Gleichner,Sat Jun 19 1976 03:32:06 GMT-0500 (Central Daylight Time),,F,Port Evans,VT
Maggie,Ryan,Sun Nov 01 1981 07:05:36 GMT-0600 (Central Standard Time),,F,Raufort,MS
Lou,Mayer,Sat Feb 02 1952 06:11:26 GMT-0600 (Central Standard Time),,M,Reedborough,NY
Danny,Jakubowski,Wed Apr 21 1943 14:44:30 GMT-0500 (Central Daylight Time),,F,Breitenbergfort,PA
Jesus,Hartmann,Sun Dec 07 1986 04:36:44 GMT-0600 (Central Standard Time),,M,South Bennie,IA
Loren,Erdman,Fri Apr 30 1954 04:37:05 GMT-0500 (Central Daylight Time),,M,South Burnice,OK
Lane,Zulauf,Tue Oct 02 1951 03:31:06 GMT-0600 (Central Daylight Time),,F,New Xavier,KS
Caleigh,Klein,Fri Oct 01 1954 20:15:12 GMT-0600 (Central Daylight Time),,M,Bayerport,ID
Irving,Beahan,Wed May 17 1989 09:01:15 GMT-0500 (Central Daylight Time),,M,West Hannabury,TN
Jevon,Rowe,Tue Jul 16 1968 09:18:39 GMT-0500 (Central Daylight Time),,F,New Marielleshire,SD
Buddy,Cruickshank,Sat Nov 29 1975 19:22:33 GMT-0600 (Central Standard Time),,F,Myrtieton,NJ
Geovanny,Quitzon,Mon Apr 23 1951 17:13:42 GMT-0600 (Central Daylight Time),,M,East Maxine,FL
Jane,Lindgren,Sun Apr 25 1943 14:21:44 GMT-0500 (Central Daylight Time),,F,Lake Norwood,AK
Brooks,Hintz,Wed Jun 16 1993 01:35:01 GMT-0500 (Central Daylight Time),,F,East Austenfort,MO
Daron,Rohan,Sun Sep 23 1934 10:53:52 GMT-0500 (Central Daylight Time),,F,Hahnchester,MI
Kacie,Feest,Mon Aug 25 1980 03:21:35 GMT-0500 (Central Daylight Time),,F,Sydnishire,NC
Mazie,Ernser,Sun Oct 21 1956 14:59:26 GMT-0500 (Central Daylight Time),,F,South Jermaine,AK
Jodie,Howell,Thu Jun 16 1955 05:44:26 GMT-0500 (Central Daylight Time),,M,Braunfort,WA
Vicente,Morissette,Sat Jun 13 1981 23:51:31 GMT-0500 (Central Daylight Time),,M,Vincentton,IA
Casandra,Braun,Mon Sep 19 1988 03:57:33 GMT-0500 (Central Daylight Time),,F,Medhurststad,OH
Maximillian,Cronin,Tue Jun 23 1981 21:13:28 GMT-0500 (Central Daylight Time),,M,East Victoriastad,AR
Ethelyn,Weissnat,Wed May 23 1945 21:57:27 GMT-0500 (Central Daylight Time),,M,Franeckiside,NC
Tyree,Hirthe,Fri Dec 19 1975 08:41:15 GMT-0600 (Central Standard Time),,F,Port Rosalindaview,UT
Randall,Kunze,Tue May 19 1931 13:04:48 GMT-0500 (Central Daylight Time),,M,East Johathanburgh,NY
Sandy,Wuckert,Thu Feb 03 2000 09:16:50 GMT-0600 (Central Standard Time),,F,Lake Retha,CT
Reuben,Collins,Sat Apr 08 1950 16:52:28 GMT-0600 (Central Daylight Time),,M,Elenaport,CT
Coralie,Bartoletti,Mon Apr 24 1995 18:37:47 GMT-0500 (Central Daylight Time),,M,South Laurineside,MN
Hannah,Hauck,Tue Feb 14 1956 04:57:59 GMT-0600 (Central Standard Time),,M,Hughchester,OR
Rashawn,Reynolds,Thu Oct 28 1982 15:54:37 GMT-0500 (Central Daylight Time),,F,Aufderharshire,AZ
Maudie,Goldner,Sun Sep 02 1962 14:30:43 GMT-0500 (Central Daylight Time),,F,Rhetthaven,AK
Alia,Crona,Mon Oct 29 1934 07:12:26 GMT-0600 (Central Daylight Time),,M,South Websterport,AR
Richmond,Stamm,Tue Apr 17 1951 23:18:06 GMT-0600 (Central Daylight Time),,M,East Darian,NH
Willow,Kuhic,Sun Dec 03 1939 12:11:28 GMT-0600 (Central Standard Time),,M,Monserrateberg,TN
Brittany,Waelchi,Thu Nov 19 1936 12:12:44 GMT-0600 (Central Standard Time),,M,North Isabellaton,WY
Sierra,Schimmel,Tue Feb 09 1954 19:21:51 GMT-0600 (Central Standard Time),,M,Maynardton,OR
Alena,Hermiston,Tue Dec 01 1931 14:26:35 GMT-0600 (Central Standard Time),,M,Bartonfort,MD
Andrew,Jast,Sun Jun 02 1929 14:50:04 GMT-0500 (Central Daylight Time),,M,North Madieport,MS
Yadira,Bernhard,Fri Jun 27 1947 14:30:58 GMT-0500 (Central Daylight Time),,F,Hardyland,IN
Agustin,Pacocha,Wed Feb 04 1970 07:37:49 GMT-0600 (Central Standard Time),,F,Bartellberg,MI
Johnathon,Runte,Thu Jun 25 1992 05:25:51 GMT-0500 (Central Daylight Time),,F,New Zita,MI
Gus,Sporer,Fri May 28 1965 10:41:19 GMT-0500 (Central Daylight Time),,M,Spinkaburgh,AZ
Lorena,Ondricka,Tue Jul 17 1979 15:42:16 GMT-0500 (Central Daylight Time),,F,McLaughlinhaven,WA
Misael,Heaney,Thu Feb 27 1969 21:55:47 GMT-0600 (Central Standard Time),,M,East Stevietown,NH
Abbey,Reichel,Sat Sep 03 1932 15:17:09 GMT-0500 (Central Daylight Time),,M,Aryannatown,AR
Jena,Hahn,Sat Jan 05 1952 07:10:32 GMT-0600 (Central Standard Time),,F,Lake Jeanette,MI
Cydney,Kihn,Sat Nov 15 1930 09:18:02 GMT-0600 (Central Standard Time),,M,North Lambertfort,VA
Camden,Auer,Sun Nov 26 1978 10:29:39 GMT-0600 (Central Standard Time),,M,Lake Nameville,NH
Mable,Corwin,Sat Oct 15 1949 21:21:28 GMT-0600 (Central Daylight Time),,F,Lake Justustown,CA
Ignatius,Littel,Thu Mar 20 1958 22:56:05 GMT-0600 (Central Daylight Time),,F,West Brandonton,HI
Eugenia,Funk,Sat Aug 16 1958 16:17:31 GMT-0500 (Central Daylight Time),,M,Leuschkeville,ND
Nicholas,Shanahan,Sat Jan 31 1987 04:25:20 GMT-0600 (Central Standard Time),,F,Lake Nobleside,VT
Julia,Schultz,Sun Jan 21 1968 09:50:35 GMT-0600 (Central Standard Time),,F,Reinholdview,ME
Erich,Konopelski,Sun Dec 16 1945 14:10:31 GMT-0600 (Central Standard Time),,M,North Vito,WI
Modesto,Lehner,Sun Sep 26 1965 00:29:58 GMT-0500 (Central Daylight Time),,M,Lake Mckayla,FL
Ericka,Zemlak,Sat Jun 15 1985 19:20:05 GMT-0500 (Central Daylight Time),,F,Lake Rheaville,LA
Krystina,Kessler,Sun Jul 15 1928 23:49:45 GMT-0500 (Central Daylight Time),,M,New Garnetland,WY
Angie,Hoeger,Wed Dec 06 1989 21:54:15 GMT-0600 (Central Standard Time),,M,New Rutheton,IN
Carroll,Marquardt,Wed Jan 23 1952 21:56:54 GMT-0600 (Central Standard Time),,M,Port Roslynshire,VA
Christine,O'Conner,Sun Jun 24 1990 18:14:31 GMT-0500 (Central Daylight Time),,F,East Giovanni,NM
Rupert,Kiehn,Sun Nov 19 2000 00:23:14 GMT-0600 (Central Standard Time),,F,East Aurore,IL
Golden,Ritchie,Sun Aug 08 1971 09:23:20 GMT-0500 (Central Daylight Time),,M,Kuhicmouth,UT
Abdullah,Greenfelder,Thu Aug 22 1991 22:38:44 GMT-0500 (Central Daylight Time),,F,Lurlineton,MN
Gloria,Hettinger,Fri Jul 03 1998 05:57:36 GMT-0500 (Central Daylight Time),,F,Ednashire,OH
Sonya,Herzog,Wed Jan 06 1988 16:12:09 GMT-0600 (Central Standard Time),,M,Berenicechester,CT
Jonatan,Flatley,Sun Aug 03 1947 04:08:55 GMT-0500 (Central Daylight Time),,F,Port Antonette,FL
Rico,Rice,Wed Jan 04 1978 13:04:53 GMT-0600 (Central Standard Time),,F,Port Olen,NM
Osvaldo,Walker,Sun Sep 11 1966 15:38:57 GMT-0500 (Central Daylight Time),,F,Lake Calistaburgh,ME
Merl,Tillman,Wed Jan 17 1996 22:12:47 GMT-0600 (Central Standard Time),,M,New Madilyn,NH
Kevin,Kessler,Mon Feb 10 1958 04:46:48 GMT-0600 (Central Standard Time),,M,North Irma,LA
Judd,Botsford,Wed Jun 28 1989 09:03:32 GMT-0500 (Central Daylight Time),,F,Sauerborough,AL
Maxime,Hermann,Tue Feb 02 1932 15:15:42 GMT-0600 (Central Standard Time),,F,Walkermouth,NH
Maude,Moen,Fri May 25 1956 20:15:25 GMT-0500 (Central Daylight Time),,M,Helgaside,MA
Rita,Beatty,Sun Feb 03 1929 00:48:15 GMT-0600 (Central Standard Time),,M,Kuhicborough,AZ
Jesus,Bartell,Sun Aug 02 1981 21:16:39 GMT-0500 (Central Daylight Time),,M,New Soledad,TN
Marty,Gislason,Tue Oct 07 1958 11:06:10 GMT-0500 (Central Daylight Time),,M,North Jude,KS
Trudie,Friesen,Wed Oct 31 1979 03:00:11 GMT-0600 (Central Standard Time),,F,Walshfort,TX
Kianna,Brekke,Tue Apr 08 1941 06:33:46 GMT-0600 (Central Daylight Time),,M,West Deborah,UT
Ezekiel,Thiel,Wed Jan 20 1932 05:02:37 GMT-0600 (Central Standard Time),,M,Lelandborough,NE
Raoul,Nitzsche,Wed Nov 29 1989 17:38:51 GMT-0600 (Central Standard Time),,F,East Jocelynmouth,NJ
Mafalda,Gottlieb,Wed Dec 11 1929 09:34:05 GMT-0600 (Central Standard Time),,M,East Oceane,NH
Ismael,Batz,Tue Nov 15 1949 18:54:58 GMT-0600 (Central Standard Time),,F,Cooperhaven,NH
Loren,Torphy,Mon Sep 26 1938 19:46:20 GMT-0600 (Central Daylight Time),,F,Steviebury,VA
Ted,Herman,Wed Mar 31 1999 12:05:24 GMT-0600 (Central Standard Time),,F,Lavadahaven,UT
Lenny,Torp,Tue Feb 18 1936 10:01:09 GMT-0600 (Central Standard Time),,F,Ferminview,CA
Aylin,D'Amore,Sun Aug 28 1994 16:56:04 GMT-0500 (Central Daylight Time),,M,Bahringerfurt,MS
Mabelle,Schultz,Sat Jul 12 1975 13:26:08 GMT-0500 (Central Daylight Time),,F,New Carley,KY
Joey,Von,Wed Nov 27 1968 23:04:50 GMT-0600 (Central Standard Time),,F,Lake Chandler,HI
Magnus,Stiedemann,Sat Mar 18 1961 02:00:54 GMT-0600 (Central Daylight Time),,F,Kristianberg,MI
Cordia,Kub,Tue Mar 23 1965 13:44:20 GMT-0600 (Central Daylight Time),,F,Kulasborough,AK
Ali,Lynch,Sat Jul 08 1939 20:05:25 GMT-0500 (Central Daylight Time),,M,Lake Mohammedmouth,VT
Kevin,Okuneva,Tue Jul 23 1974 10:27:17 GMT-0500 (Central Daylight Time),,F,Euniceville,AZ
Reva,Wehner,Wed Mar 09 1949 12:15:13 GMT-0600 (Central Standard Time),,M,West Polly,UT
Deshawn,Mitchell,Wed Mar 03 1937 12:18:23 GMT-0600 (Central Standard Time),,M,South Raphaelburgh,NM
Sincere,Terry,Sun Apr 20 1986 17:44:39 GMT-0600 (Central Standard Time),,M,Raynorstad,NH
Nico,Homenick,Tue Jul 26 1960 19:34:10 GMT-0500 (Central Daylight Time),,F,Jamietown,IA
Manuela,Goyette,Fri Aug 06 1999 07:06:34 GMT-0500 (Central Daylight Time),,M,Port Emmanuelle,MD
Ansel,Kreiger,Thu Feb 15 1940 20:23:45 GMT-0600 (Central Standard Time),,M,Runolfsdottirview,CO
Sunny,Ryan,Thu May 02 1940 10:38:25 GMT-0500 (Central Daylight Time),,F,Gradyburgh,NJ
Franz,Kunze,Sat Jun 16 1928 13:51:14 GMT-0500 (Central Daylight Time),,F,East Ramonland,MI
Eloy,Cartwright,Tue Mar 25 1997 00:46:52 GMT-0600 (Central Standard Time),,F,Reynoldsfort,FL
Julius,Cronin,Thu Feb 04 1971 18:20:51 GMT-0600 (Central Standard Time),,M,Weissnatbury,TN
Ernesto,Nader,Tue Oct 29 1996 04:32:49 GMT-0600 (Central Standard Time),,F,Port Tannerchester,PA
Lyric,Boyer,Mon Apr 18 1932 22:08:39 GMT-0600 (Central Daylight Time),,M,Port Elvamouth,DE
Derrick,Jacobson,Wed Aug 18 1971 12:16:02 GMT-0500 (Central Daylight Time),,M,Cathrynfurt,OK
Delmer,Kassulke,Sat Jan 09 1971 04:56:26 GMT-0600 (Central Standard Time),,F,West Gus,AZ
Meagan,Pollich,Thu Sep 04 1997 08:54:04 GMT-0500 (Central Daylight Time),,F,Rathside,NM
Cade,Glover,Fri Jul 20 1984 07:12:51 GMT-0500 (Central Daylight Time),,M,New Erlingbury,CA
Sheridan,Daniel,Fri Aug 07 1942 09:37:14 GMT-0500 (Central Daylight Time),,F,Kassandrafort,TN
Nelle,Kiehn,Sat Jan 04 1958 15:07:05 GMT-0600 (Central Standard Time),,F,Lake Ferneside,KY
Nia,Rempel,Wed Mar 01 2000 06:35:30 GMT-0600 (Central Standard Time),,M,East Brennan,MS
Mallie,Pacocha,Sun Jun 14 1936 07:14:35 GMT-0500 (Central Daylight Time),,M,Cartwrighttown,CA
Maggie,Torp,Tue Dec 27 1955 12:35:57 GMT-0600 (Central Standard Time),,F,North Osbaldo,AZ
Vena,Barrows,Sun Oct 05 1930 16:39:32 GMT-0600 (Central Daylight Time),,F,Lonzobury,SD
Guadalupe,Stracke,Sat Jun 03 1995 23:05:35 GMT-0500 (Central Daylight Time),,M,Sagemouth,NC
Zoila,Wuckert,Sat Jan 12 1935 09:15:16 GMT-0600 (Central Standard Time),,F,Lake Arjunmouth,AK
Jeffrey,Rau,Sun Jan 23 1949 22:55:14 GMT-0600 (Central Standard Time),,M,North Bianka,MN
Malika,Schimmel,Sun Nov 13 1932 04:03:51 GMT-0600 (Central Standard Time),,M,Lake Mariellefurt,ND
Kyler,Jenkins,Wed Apr 24 1985 00:27:32 GMT-0600 (Central Standard Time),,M,Elifort,NE
Rae,Howell,Tue Aug 25 1931 02:28:55 GMT-0500 (Central Daylight Time),,M,Dawnbury,MO
Marilou,Stoltenberg,Sun Nov 26 1995 12:33:22 GMT-0600 (Central Standard Time),,F,Mckaylaport,SD
Madalyn,King,Sun Oct 16 1988 17:15:04 GMT-0500 (Central Daylight Time),,M,Port Daphney,AL
Theodora,Kiehn,Sat Mar 22 1980 12:21:13 GMT-0600 (Central Standard Time),,M,New Andyview,ME
Karl,Barrows,Fri Oct 04 1974 12:57:06 GMT-0500 (Central Daylight Time),,F,South Arjun,MS
Betty,Schiller,Wed Mar 02 1966 15:15:47 GMT-0600 (Central Standard Time),,M,West Jane,VA
Mathew,Turcotte,Sun May 04 1930 15:16:10 GMT-0500 (Central Daylight Time),,M,South Larue,WA
Vivianne,Price,Tue Dec 31 1929 15:54:11 GMT-0600 (Central Standard Time),,M,Sanfordbury,NM
Chelsey,Senger,Fri Dec 04 1964 06:10:51 GMT-0600 (Central Standard Time),,M,Port Arne,MS
Camren,Hermiston,Thu Mar 20 1975 20:44:48 GMT-0500 (Central Daylight Time),,M,South Aminaville,PA
Cleveland,Jerde,Sun Dec 31 1972 13:37:45 GMT-0600 (Central Standard Time),,M,Wehnerfort,VT
Ola,Quigley,Thu Jul 18 1946 14:27:51 GMT-0500 (Central Daylight Time),,M,East Lulu,LA
Johnathan,Miller,Wed Jun 16 1999 05:46:43 GMT-0500 (Central Daylight Time),,M,Wehnerfort,NJ
Jeffrey,Mayer,Sun Jun 27 1982 08:08:22 GMT-0500 (Central Daylight Time),,M,Catharinefort,DE
Letitia,Nikolaus,Tue Apr 29 1930 11:45:35 GMT-0500 (Central Daylight Time),,M,Lake Branson,NE
Gino,Keebler,Thu Sep 03 1953 01:36:42 GMT-0500 (Central Daylight Time),,M,Hamillview,MA
Donna,Gorczany,Wed Dec 18 1935 14:15:24 GMT-0600 (Central Standard Time),,F,West Lucas,KS
Cheyanne,Jacobs,Fri May 05 1950 23:14:27 GMT-0500 (Central Daylight Time),,F,Lake Allen,NV
Velma,Krajcik,Wed May 27 1959 19:15:39 GMT-0500 (Central Daylight Time),,F,Lake Dolores,LA
Titus,Braun,Tue Jun 11 1940 22:41:49 GMT-0500 (Central Daylight Time),,M,Eddieberg,NM
Noe,Dickinson,Fri Aug 19 1994 21:54:17 GMT-0500 (Central Daylight Time),,M,Whitemouth,ID
Dean,Schmitt,Thu Feb 12 1976 08:50:51 GMT-0600 (Central Standard Time),,M,Okunevafurt,FL
Patrick,Lehner,Sun Dec 27 1970 16:28:37 GMT-0600 (Central Standard Time),,M,Rueckerbury,CT
Nathaniel,Sauer,Sat Feb 20 1954 23:50:09 GMT-0600 (Central Standard Time),,F,Wehnerborough,NH
Lonny,Kunde,Wed Aug 13 1930 18:35:47 GMT-0500 (Central Daylight Time),,F,Hilllmouth,IL
Kelly,Stanton,Sat Nov 07 1953 13:55:01 GMT-0600 (Central Standard Time),,F,East Matildeview,AL
Larue,Monahan,Sat May 23 1936 20:39:37 GMT-0500 (Central Daylight Time),,F,Abernathyberg,VT
Murl,Kshlerin,Thu Apr 03 1986 10:25:18 GMT-0600 (Central Standard Time),,F,Celestinotown,HI
Sim,Brown,Sat Oct 03 1998 13:39:41 GMT-0500 (Central Daylight Time),,M,New Ashleyland,GA
Helena,Kautzer,Wed Dec 08 1971 00:40:50 GMT-0600 (Central Standard Time),,M,Tyresemouth,VA
Domingo,Mills,Wed Sep 19 1984 11:37:33 GMT-0500 (Central Daylight Time),,F,Lake Alex,NJ
Kenyatta,Wintheiser,Sun May 02 1999 03:09:51 GMT-0500 (Central Daylight Time),,M,North Jaydon,CO
Annette,Streich,Tue Jul 26 1966 16:45:51 GMT-0500 (Central Daylight Time),,F,West Stanfordhaven,NE
Evie,Hand,Sun May 31 1942 02:33:55 GMT-0500 (Central Daylight Time),,M,Lake Hilario,ME
Emilio,Osinski,Wed Jan 24 1962 05:15:04 GMT-0600 (Central Standard Time),,M,Aliyaview,MD
Amanda,Kreiger,Fri Dec 08 1995 19:42:38 GMT-0600 (Central Standard Time),,F,North Rodricktown,WA
Marley,Collins,Sun Dec 02 1945 14:15:59 GMT-0600 (Central Standard Time),,F,Hodkiewiczside,WI
Torrey,Konopelski,Fri May 12 1967 05:51:08 GMT-0500 (Central Daylight Time),,F,East Nicoleport,ME
Lyric,Prosacco,Thu Dec 11 1941 19:32:10 GMT-0600 (Central Standard Time),,F,Margueriteburgh,MT
Willie,Hamill,Thu Apr 29 1948 05:18:23 GMT-0500 (Central Daylight Time),,M,O'Keefebury,KY
Sylvan,Renner,Fri Aug 04 1989 00:53:46 GMT-0500 (Central Daylight Time),,F,Eribertoside,AZ
Rachelle,Daugherty,Fri Apr 14 1995 22:26:37 GMT-0500 (Central Daylight Time),,F,Keeblermouth,IA
Lukas,Klein,Sat Sep 17 1938 13:53:45 GMT-0500 (Central Daylight Time),,M,New Rosendo,ME
Grayce,Von,Wed Mar 31 1976 02:44:27 GMT-0600 (Central Standard Time),,F,Cummingsbury,TN
Rhett,Price,Fri Sep 16 1938 08:57:38 GMT-0500 (Central Daylight Time),,F,Auerfort,GA
Ivy,Carter,Wed Aug 10 1949 23:22:06 GMT-0500 (Central Daylight Time),,F,Tressieland,ID
Kaia,Jerde,Wed Oct 04 1950 13:54:39 GMT-0600 (Central Daylight Time),,M,Balistrerimouth,NE
Wilfredo,Tillman,Tue Feb 18 1992 21:10:05 GMT-0600 (Central Standard Time),,M,Margaritachester,AK
Finn,Bruen,Wed Jun 29 1938 18:00:14 GMT-0500 (Central Daylight Time),,F,East Noemy,KS
Mary,Bogan,Sun Jun 10 1928 08:47:36 GMT-0500 (Central Daylight Time),,F,Loyshire,VT
Felipa,Powlowski,Tue May 18 1943 14:30:30 GMT-0500 (Central Daylight Time),,F,Jeniferland,TN
Henriette,Kassulke,Wed Jan 03 1945 12:51:31 GMT-0500 (Central Standard Time),,M,Port Kali,AK
Anabelle,Rempel,Sun May 24 1953 14:07:25 GMT-0500 (Central Daylight Time),,M,Port Aliburgh,FL
Jerod,Bechtelar,Tue Dec 21 1993 09:42:16 GMT-0600 (Central Standard Time),,M,Haleymouth,WA
Jarret,Roob,Sun Aug 02 1936 09:54:04 GMT-0500 (Central Daylight Time),,M,Skileshaven,MS
Lamont,Rosenbaum,Sat Jul 22 1961 21:43:54 GMT-0500 (Central Daylight Time),,M,New Vicentaborough,NC
Annetta,Hagenes,Tue Mar 27 1934 07:36:46 GMT-0600 (Central Daylight Time),,M,Turnerburgh,AR
Kayli,Feest,Mon Nov 17 1941 23:04:05 GMT-0600 (Central Standard Time),,F,Port Maxine,VT
Selmer,Cole,Mon Nov 09 1959 11:47:20 GMT-0600 (Central Standard Time),,F,Johnston,NV
Karina,Schuster,Mon May 17 1982 12:51:18 GMT-0500 (Central Daylight Time),,M,Gageshire,OH
Genesis,Torphy,Thu Oct 31 1940 17:17:43 GMT-0600 (Central Daylight Time),,M,East Theronbury,OR
Trey,Yost,Mon Nov 20 1933 16:31:53 GMT-0600 (Central Standard Time),,F,Lake Cassidy,MN
Hortense,Bins,Mon Jun 05 1989 08:07:33 GMT-0500 (Central Daylight Time),,M,Genovevaton,MI
Dusty,Macejkovic,Sat Jul 22 2000 10:49:28 GMT-0500 (Central Daylight Time),,F,Alizetown,MO
Kirstin,McKenzie,Sat Aug 02 1958 22:11:17 GMT-0500 (Central Daylight Time),,M,Lake Cindyfort,KS
Bridget,Rodriguez,Sat Aug 10 1991 22:56:15 GMT-0500 (Central Daylight Time),,F,Schambergerberg,ND
Haylie,Hackett,Fri Aug 23 1968 16:32:34 GMT-0500 (Central Daylight Time),,M,North Meganechester,WV
Maurice,Cartwright,Thu Oct 24 1991 08:11:37 GMT-0500 (Central Daylight Time),,F,Dietrichburgh,MN
Deron,Mayert,Tue Jan 21 1941 19:37:09 GMT-0600 (Central Standard Time),,M,Romaguerabury,TN
Deanna,Prohaska,Mon Mar 01 1954 15:39:03 GMT-0600 (Central Standard Time),,M,Kshlerinhaven,RI
Kylie,Deckow,Thu Dec 06 1928 23:35:06 GMT-0600 (Central Standard Time),,F,Lake Magali,MI
Erin,Russel,Wed Nov 27 1963 19:34:46 GMT-0600 (Central Standard Time),,M,North Stanford,NH
Maymie,Gislason,Tue Jun 18 1974 19:06:51 GMT-0500 (Central Daylight Time),,M,New Lindsayland,OH
Amari,Nicolas,Sat Aug 13 1932 23:06:08 GMT-0500 (Central Daylight Time),,M,Harmonside,MT
Hermina,Thiel,Sun Feb 04 1990 09:47:59 GMT-0600 (Central Standard Time),,F,Araceliberg,SD
Efren,Stroman,Thu Jul 02 1964 15:51:36 GMT-0500 (Central Daylight Time),,F,New Stephenfurt,UT
Gianni,Koch,Mon Sep 28 1998 08:36:46 GMT-0500 (Central Daylight Time),,M,West Francescaburgh,OR
Aniya,Torp,Fri Feb 12 1971 02:28:04 GMT-0600 (Central Standard Time),,F,Schuppeton,OR
Francesco,Gottlieb,Wed Aug 22 1973 07:06:20 GMT-0500 (Central Daylight Time),,F,East Marshall,KY
Josiah,McDermott,Sat Jun 09 1945 22:28:50 GMT-0500 (Central Daylight Time),,F,Lemkeside,LA
Tod,Hackett,Sat Jan 06 1951 01:21:35 GMT-0600 (Central Standard Time),,M,Reecemouth,IN
Thomas,Zulauf,Tue Aug 16 1960 22:31:30 GMT-0500 (Central Daylight Time),,F,East Elvisborough,TX
Emma,Feeney,Wed Dec 27 1939 01:11:17 GMT-0600 (Central Standard Time),,M,South Auroreshire,NC
Wilburn,Ernser,Sun Apr 01 1984 22:29:05 GMT-0600 (Central Standard Time),,M,Durganberg,NE
Hailey,Wuckert,Wed Jan 29 1936 03:11:45 GMT-0600 (Central Standard Time),,F,Lake Jeaniemouth,UT
Garry,Konopelski,Fri Sep 20 1946 13:12:22 GMT-0500 (Central Daylight Time),,M,West Owenmouth,NV
Jannie,Williamson,Fri Oct 30 1987 07:11:09 GMT-0600 (Central Standard Time),,M,New Alyson,OH
Kian,Sipes,Tue Apr 23 1935 19:27:14 GMT-0600 (Central Daylight Time),,M,Beierfurt,WI
King,Gutkowski,Thu Jul 19 1951 01:03:14 GMT-0500 (Central Daylight Time),,F,North Lavernmouth,IA
Rodger,Murray,Wed Dec 11 1991 09:10:23 GMT-0600 (Central Standard Time),,M,Margarettefort,NJ
Geovany,Beatty,Thu Sep 28 1978 04:26:29 GMT-0500 (Central Daylight Time),,M,Port Everardo,AK
Abagail,Heathcote,Sun Jun 28 1964 05:54:53 GMT-0500 (Central Daylight Time),,F,South Keshaunchester,NE
Ewell,Bogan,Wed May 24 1989 20:12:02 GMT-0500 (Central Daylight Time),,M,Bernierside,OH
Luigi,Stiedemann,Sat Oct 27 1973 11:16:44 GMT-0500 (Central Daylight Time),,F,South Noemieville,AK
Ansley,Goodwin,Thu Sep 16 1937 19:18:52 GMT-0500 (Central Daylight Time),,M,East Jakemouth,OR
Kristofer,Borer,Sun Sep 08 1968 09:21:14 GMT-0500 (Central Daylight Time),,F,North Hayleeview,VT
Assunta,Skiles,Thu Dec 03 1953 08:58:28 GMT-0600 (Central Standard Time),,M,New Jeanette,MN
Anya,Funk,Mon Mar 23 1931 20:06:53 GMT-0600 (Central Daylight Time),,F,Schoenberg,OK
Melissa,Smitham,Sat Jul 13 1974 17:42:37 GMT-0500 (Central Daylight Time),,M,Port Zanetown,WI
Forest,Veum,Sat Feb 06 1999 11:07:12 GMT-0600 (Central Standard Time),,F,Sigmundchester,TX
Electa,Bernier,Sun Mar 08 1931 16:17:16 GMT-0600 (Central Daylight Time),,M,Ziemebury,WI
Orville,Purdy,Fri Mar 12 1943 12:54:58 GMT-0500 (Central Standard Time),,F,Rogahnstad,NE
Jose,Sawayn,Sun Mar 08 1987 12:37:02 GMT-0600 (Central Standard Time),,F,Wizafort,SD
Edward,Hauck,Fri Jun 25 1993 19:14:31 GMT-0500 (Central Daylight Time),,M,Deannamouth,WA
Nannie,Klein,Wed Jul 22 1964 19:20:31 GMT-0500 (Central Daylight Time),,F,North Stephany,SC
Orlo,Breitenberg,Sat Oct 10 1953 02:29:00 GMT-0600 (Central Daylight Time),,M,Neilport,NC
Crystal,Steuber,Wed Apr 19 1972 01:46:33 GMT-0600 (Central Standard Time),,F,North Allenville,CT
Frederic,Lang,Tue Oct 31 2000 06:42:37 GMT-0600 (Central Standard Time),,M,North Malachimouth,ND
Patience,Watsica,Fri Feb 18 1944 10:01:16 GMT-0500 (Central Standard Time),,M,East Rubenport,MA
Emmitt,Rau,Tue Jul 11 2000 08:28:13 GMT-0500 (Central Daylight Time),,F,Funkfurt,VA
Dimitri,Conroy,Mon Nov 21 1977 11:16:53 GMT-0600 (Central Standard Time),,M,Mavisport,MI
Sydni,Quigley,Sun Apr 25 1954 16:09:57 GMT-0500 (Central Daylight Time),,M,Helenland,TN
Zoie,Nicolas,Sun Sep 13 1992 07:25:17 GMT-0500 (Central Daylight Time),,M,Lake Boris,PA
Felton,Rodriguez,Wed Sep 29 1954 04:29:07 GMT-0600 (Central Daylight Time),,F,East Norene,SC
Cayla,Krajcik,Tue Jul 23 1991 00:03:22 GMT-0500 (Central Daylight Time),,F,Turnertown,SC
Lenna,Kerluke,Wed Jun 22 1983 04:17:24 GMT-0500 (Central Daylight Time),,F,Maryamberg,MI
Vesta,Marks,Thu Sep 03 1936 08:15:53 GMT-0500 (Central Daylight Time),,M,Allyshire,MA
Rebeca,Terry,Sat Mar 10 1962 08:32:58 GMT-0600 (Central Standard Time),,F,Lake Kalebburgh,ID
Magdalen,Lowe,Mon Jun 29 1998 09:02:44 GMT-0500 (Central Daylight Time),,M,South Scottie,HI
Vernie,Bosco,Tue Apr 16 1985 02:21:33 GMT-0600 (Central Standard Time),,M,South Alphonsoton,ID
Wilton,Kutch,Thu Nov 30 1978 22:42:06 GMT-0600 (Central Standard Time),,M,Cortezview,CT
Corbin,Rodriguez,Tue Oct 05 1971 12:47:13 GMT-0500 (Central Daylight Time),,M,Vivianefurt,SD
Friedrich,Bechtelar,Tue Jan 24 1984 07:16:38 GMT-0600 (Central Standard Time),,F,East Jack,AL
Elyssa,Goyette,Tue Jan 22 1985 15:11:13 GMT-0600 (Central Standard Time),,F,Berrystad,TX
Harmony,Bayer,Wed Oct 25 1967 06:52:17 GMT-0500 (Central Daylight Time),,F,Lazaroborough,MI
Wilford,Schmitt,Wed Sep 09 1992 19:47:58 GMT-0500 (Central Daylight Time),,M,Marianneberg,CT
Zachery,Mills,Wed Feb 23 1949 10:08:43 GMT-0600 (Central Standard Time),,M,Earlinefort,IA
Leola,Hegmann,Sat Oct 11 1975 12:58:01 GMT-0500 (Central Daylight Time),,M,South Aracelyton,NV
Berniece,Mann,Sat Nov 12 1932 20:41:44 GMT-0600 (Central Standard Time),,M,Port Roxanebury,ME
Ora,Lehner,Sun Nov 03 1946 05:03:57 GMT-0600 (Central Standard Time),,F,North Kelliberg,SC
Burley,Langosh,Wed Apr 22 1959 08:32:03 GMT-0600 (Central Daylight Time),,M,East Mohammad,WV
Madonna,Durgan,Tue Nov 24 1998 21:30:07 GMT-0600 (Central Standard Time),,M,North Rasheed,OK
Casimir,Orn,Tue Jan 12 1965 01:19:38 GMT-0600 (Central Standard Time),,M,East Landen,ND
Darian,Carroll,Sun Feb 16 1997 12:22:45 GMT-0600 (Central Standard Time),,M,New Hermannshire,IN
Alba,Bailey,Sat Mar 25 1978 14:06:04 GMT-0600 (Central Standard Time),,F,West Roxane,LA
Fiona,Dare,Sat Nov 18 1933 02:17:22 GMT-0600 (Central Standard Time),,M,Schowalterfort,MD
Freida,Windler,Sun Jul 11 1954 13:52:15 GMT-0500 (Central Daylight Time),,F,Aufderharbury,OR
Ettie,Harris,Fri Aug 05 1983 09:08:14 GMT-0500 (Central Daylight Time),,F,Lacyberg,MN
Freddy,Schowalter,Mon Jun 08 1931 12:09:00 GMT-0500 (Central Daylight Time),,M,Lake Manuelaland,RI
Moses,Crona,Tue Jun 09 1970 06:03:37 GMT-0500 (Central Daylight Time),,M,South Magnolia,MO
Antwan,Armstrong,Sat Oct 11 1941 17:43:29 GMT-0600 (Central Daylight Time),,F,Lake Felix,MN
Paige,Altenwerth,Fri Nov 29 1985 21:09:20 GMT-0600 (Central Standard Time),,M,South Roger,IN
Junior,VonRueden,Sat Apr 03 1937 22:56:50 GMT-0600 (Central Daylight Time),,F,Abshireshire,IA
Coralie,Hermann,Wed Jul 21 1976 01:55:26 GMT-0500 (Central Daylight Time),,F,West Raven,AR
Malachi,Bednar,Mon Nov 27 1989 02:03:11 GMT-0600 (Central Standard Time),,M,Kaceyfurt,KS
Camden,Dibbert,Sat Sep 20 1986 02:08:49 GMT-0500 (Central Daylight Time),,M,West Mekhi,IL
Tatum,Kling,Sat Jul 01 2000 04:13:57 GMT-0500 (Central Daylight Time),,F,Adrainbury,AR
Miles,Marvin,Tue Aug 03 1999 19:18:59 GMT-0500 (Central Daylight Time),,M,East Athena,MI
Ken,Rogahn,Mon Feb 17 1975 22:34:35 GMT-0600 (Central Standard Time),,M,New Kellenfurt,NC
Pearlie,Kuphal,Sat Jan 10 1976 13:44:46 GMT-0600 (Central Standard Time),,F,New Kelli,LA
Leopold,Upton,Mon Oct 06 1958 18:58:38 GMT-0500 (Central Daylight Time),,F,Shakiraville,KS
Callie,Keebler,Fri Feb 18 1977 22:31:19 GMT-0600 (Central Standard Time),,M,Crooksmouth,ID
Nathan,Rowe,Sun Mar 05 1944 09:23:05 GMT-0500 (Central Standard Time),,M,North Randi,UT
Makayla,Collier,Sat Dec 10 1988 04:38:41 GMT-0600 (Central Standard Time),,M,Bransonfort,MA
Rosalinda,Kuphal,Fri Feb 21 1958 03:45:57 GMT-0600 (Central Standard Time),,F,Aprilshire,ME
Larry,Littel,Mon Mar 27 1978 16:28:28 GMT-0600 (Central Standard Time),,M,West Brookeport,IL
Zack,Feil,Mon Jul 22 1996 01:17:54 GMT-0500 (Central Daylight Time),,F,Weissnatfort,GA
Conner,Rosenbaum,Sun Aug 20 1967 07:56:13 GMT-0500 (Central Daylight Time),,M,East Werner,KS
Glenna,McGlynn,Wed Dec 02 1953 06:36:47 GMT-0600 (Central Standard Time),,F,East Aydenfort,OK
Marjory,Hane,Sat Oct 18 1980 03:58:25 GMT-0500 (Central Daylight Time),,M,West Allison,OR
Celine,Bauch,Tue Feb 13 1996 16:35:45 GMT-0600 (Central Standard Time),,M,Quigleybury,CA
Halie,O'Hara,Mon Feb 03 1997 23:17:03 GMT-0600 (Central Standard Time),,F,West Frederique,KY
Talon,Stamm,Thu Nov 14 1991 19:59:39 GMT-0600 (Central Standard Time),,M,South Heatherbury,ID
Phoebe,Feest,Thu Dec 30 1976 19:05:12 GMT-0600 (Central Standard Time),,M,Sylvesterberg,ME
Betty,Smith,Thu Oct 23 1941 10:11:55 GMT-0600 (Central Daylight Time),,M,Josiahshire,RI
Carole,Jacobs,Sun Jan 17 1943 21:08:20 GMT-0500 (Central Standard Time),,M,Rustyborough,MS
Anabelle,Paucek,Wed Jun 21 1933 10:57:01 GMT-0500 (Central Daylight Time),,M,Roobmouth,PA
Collin,Brown,Fri Jun 18 1976 21:33:51 GMT-0500 (Central Daylight Time),,M,East Giovannistad,MI
Toby,Gleason,Mon Sep 29 1980 01:16:44 GMT-0500 (Central Daylight Time),,F,Matildamouth,SD
Hilbert,Kovacek,Tue Jul 29 1947 20:56:59 GMT-0500 (Central Daylight Time),,F,Port Jess,MD
Zander,Ebert,Sun Jul 30 2000 21:29:04 GMT-0500 (Central Daylight Time),,F,Marcelofort,TN
Carole,Brakus,Wed Nov 21 1928 16:25:21 GMT-0600 (Central Standard Time),,M,Santaberg,FL
Myrtle,Will,Mon Jun 20 1955 17:39:41 GMT-0500 (Central Daylight Time),,M,Clintonton,CT
Theresia,Konopelski,Thu Aug 04 1938 14:02:04 GMT-0500 (Central Daylight Time),,M,Kaseystad,KS
Gideon,Miller,Sun Mar 03 1963 06:53:32 GMT-0600 (Central Standard Time),,M,Billyhaven,NJ
Jasmin,Treutel,Thu May 23 1985 09:16:17 GMT-0500 (Central Daylight Time),,F,Lauratown,MI
Jamil,Ankunding,Wed Jun 02 1965 13:55:18 GMT-0500 (Central Daylight Time),,M,North Karinemouth,MN
Maia,Prosacco,Thu Apr 06 1950 14:22:14 GMT-0600 (Central Daylight Time),,F,Wildermanside,DE
Destini,Von,Fri Jan 04 1974 05:50:38 GMT-0600 (Central Standard Time),,F,Konopelskistad,HI
Kamryn,Sawayn,Fri Aug 16 1935 15:27:29 GMT-0500 (Central Daylight Time),,M,Michealton,VT
Yasmeen,Raynor,Thu Sep 15 1994 13:37:59 GMT-0500 (Central Daylight Time),,F,West Vickymouth,TN
Wanda,Beier,Mon Sep 17 1962 18:16:21 GMT-0500 (Central Daylight Time),,M,New Joycehaven,AR
Maritza,Renner,Tue Dec 07 1982 09:49:11 GMT-0600 (Central Standard Time),,M,Nitzschestad,WA
Bailee,Medhurst,Wed Dec 08 1954 23:37:03 GMT-0600 (Central Standard Time),,M,South Deionbury,OR
Terrence,Schmeler,Tue May 08 1962 22:32:12 GMT-0500 (Central Daylight Time),,M,Skilesmouth,CT
Virginia,Gibson,Sun Mar 22 1970 23:02:53 GMT-0600 (Central Standard Time),,M,Torpborough,AR
Effie,Schulist,Thu Jul 14 1960 17:08:15 GMT-0500 (Central Daylight Time),,F,Martinaview,CT
Lorena,Leffler,Sat May 04 1946 12:54:45 GMT-0500 (Central Daylight Time),,F,Port Ibrahim,SD
Danika,Weber,Sun Jul 11 1971 06:01:41 GMT-0500 (Central Daylight Time),,M,Lake Bradborough,SD
Casper,Homenick,Tue Jul 24 1934 13:27:13 GMT-0500 (Central Daylight Time),,F,Lake Brycefort,MO
Shyanne,McKenzie,Wed Mar 12 1980 07:18:35 GMT-0600 (Central Standard Time),,F,Alexaneland,KS
Mose,Hills,Mon Aug 16 1993 01:37:32 GMT-0500 (Central Daylight Time),,F,Lake Isaiahstad,NM
Jeremie,Schaefer,Sun Dec 28 1975 20:45:45 GMT-0600 (Central Standard Time),,F,North Nash,KS
Ocie,Boyer,Sat Nov 07 1953 14:50:49 GMT-0600 (Central Standard Time),,F,Stewartmouth,WI
Bella,Douglas,Sun Nov 30 1980 13:51:58 GMT-0600 (Central Standard Time),,M,North Joshua,RI
Jamal,Zulauf,Tue Sep 04 1956 11:42:50 GMT-0500 (Central Daylight Time),,M,South Thora,UT
Susana,Cummerata,Thu Jul 09 1953 00:33:28 GMT-0500 (Central Daylight Time),,M,West Genesis,CT
Antonina,Kris,Wed Nov 14 1984 09:56:43 GMT-0600 (Central Standard Time),,M,South Brandonhaven,WI
Stanton,Prohaska,Tue Jul 13 1976 21:27:02 GMT-0500 (Central Daylight Time),,M,North Reanna,VT
Alfreda,Fisher,Sat Jun 06 1953 07:17:20 GMT-0500 (Central Daylight Time),,M,Port Cierra,ID
Dexter,Stracke,Fri Dec 17 1954 03:00:43 GMT-0600 (Central Standard Time),,F,Criststad,CA
Richmond,Batz,Tue May 06 1941 07:29:55 GMT-0500 (Central Daylight Time),,M,New Rhianna,NY
Seth,Marvin,Wed Oct 10 1984 18:25:36 GMT-0500 (Central Daylight Time),,F,Port Maximilianchester,WY
Eleanore,Hilpert,Tue Jun 15 1948 03:50:34 GMT-0500 (Central Daylight Time),,F,Ratkeshire,KY
Robin,Lehner,Wed Jan 05 1955 09:05:43 GMT-0600 (Central Standard Time),,M,Port Mariatown,AL
Jaiden,Effertz,Wed Aug 06 1941 18:25:19 GMT-0500 (Central Daylight Time),,M,South Alvena,NM
Thurman,Cruickshank,Sat Nov 07 1970 11:29:02 GMT-0600 (Central Standard Time),,M,Shayleefort,MT
Madie,Casper,Thu Aug 12 1943 20:08:00 GMT-0500 (Central Daylight Time),,F,New Doyleton,SD
Meredith,Dickens,Tue Mar 08 1966 22:00:53 GMT-0600 (Central Standard Time),,F,East Ervinmouth,ME
Precious,Zieme,Fri Apr 28 1944 11:54:53 GMT-0500 (Central Daylight Time),,F,Dahlialand,GA
Monique,Frami,Tue Jul 19 1960 13:55:12 GMT-0500 (Central Daylight Time),,F,Port Cassidy,MT
Dustin,Blick,Sat Oct 23 1954 07:39:43 GMT-0600 (Central Daylight Time),,M,Lake Kathlyn,OK
Eldridge,Blick,Fri Dec 03 1937 21:50:45 GMT-0600 (Central Standard Time),,M,Nikolausmouth,VA
Katelyn,Heaney,Fri Jun 05 1964 21:53:33 GMT-0500 (Central Daylight Time),,M,Reubenfort,IA
Bria,Hirthe,Mon Jun 24 1985 05:00:45 GMT-0500 (Central Daylight Time),,F,Champlinside,NM
Joey,Cronin,Wed Jan 05 1972 22:04:59 GMT-0600 (Central Standard Time),,F,Lebsackport,RI
Vivianne,Casper,Fri May 10 1968 14:40:58 GMT-0500 (Central Daylight Time),,F,Tessfort,KS
Michel,Bauch,Sat Jul 08 1967 06:51:32 GMT-0500 (Central Daylight Time),,M,South Neldatown,AK
Carmine,Walter,Tue Apr 25 1933 22:17:07 GMT-0600 (Central Daylight Time),,F,Randallchester,MT
Madison,Schinner,Mon Aug 15 1949 02:00:03 GMT-0500 (Central Daylight Time),,M,Shieldsfurt,OR
Harold,Reichel,Mon Apr 28 1986 17:04:27 GMT-0500 (Central Daylight Time),,F,Zemlakhaven,NV
Danial,Abernathy,Thu Aug 06 1992 07:31:48 GMT-0500 (Central Daylight Time),,F,Lake Marilieport,MS
Candelario,Satterfield,Mon Apr 02 1973 04:52:28 GMT-0600 (Central Standard Time),,M,McLaughlinview,MA
Monte,Ryan,Thu Nov 07 1985 17:16:37 GMT-0600 (Central Standard Time),,M,Hauckhaven,MN
Joelle,Kertzmann,Fri Jul 29 1966 01:51:59 GMT-0500 (Central Daylight Time),,F,Raynorberg,NC
April,O'Kon,Tue Oct 18 1938 17:13:31 GMT-0600 (Central Daylight Time),,M,East Anthonyhaven,HI
Larissa,White,Tue Mar 26 1974 08:55:58 GMT-0500 (Central Daylight Time),,M,New Obieside,VA
Kennedy,Feest,Sat Aug 05 1989 10:51:48 GMT-0500 (Central Daylight Time),,M,Stefanietown,AR
Palma,Donnelly,Tue Feb 25 1941 12:57:51 GMT-0600 (Central Standard Time),,M,Kelsichester,TX
Dagmar,Kessler,Sat Jan 17 1953 17:28:17 GMT-0600 (Central Standard Time),,F,East Gabriellefurt,FL
Ezra,Sauer,Wed Jul 06 1988 21:26:31 GMT-0500 (Central Daylight Time),,F,Eulaliaside,WA
Sandy,Flatley,Sun May 02 1954 22:40:02 GMT-0500 (Central Daylight Time),,F,Port Brandoport,FL
Mollie,Ruecker,Fri Sep 19 1975 00:15:02 GMT-0500 (Central Daylight Time),,F,Lemuelmouth,HI
Maryjane,Effertz,Fri Oct 22 1965 04:33:46 GMT-0500 (Central Daylight Time),,M,Lake Gusland,AL
Adelle,Grant,Tue Apr 21 1998 06:29:06 GMT-0500 (Central Daylight Time),,F,Schummland,PA
Faustino,Nicolas,Thu Dec 11 1930 23:27:01 GMT-0600 (Central Standard Time),,M,Rachellebury,ND
Claudia,Ward,Thu Nov 05 1970 17:30:01 GMT-0600 (Central Standard Time),,M,West Ed,WV
Ignacio,Feest,Sat Jan 09 1988 15:24:45 GMT-0600 (Central Standard Time),,M,Swiftshire,GA
Kara,Ullrich,Sun Aug 21 1983 12:50:04 GMT-0500 (Central Daylight Time),,F,South Shanaport,NH
Jaida,Rath,Mon Jul 07 1997 11:11:39 GMT-0500 (Central Daylight Time),,F,North Kevinbury,OK
Haleigh,Gutkowski,Sun Dec 12 1943 15:54:06 GMT-0500 (Central Standard Time),,F,Elisaberg,CO
Katherine,Dibbert,Fri May 20 1949 23:19:40 GMT-0500 (Central Daylight Time),,M,Port Katelynn,GA
Adonis,Klocko,Sun Jan 08 1950 03:07:25 GMT-0600 (Central Standard Time),,M,West Emiliano,LA
Wiley,Graham,Sat Sep 04 1948 14:28:04 GMT-0500 (Central Daylight Time),,M,New Norene,NM
Marie,Murphy,Tue Nov 17 1942 20:28:29 GMT-0500 (Central Standard Time),,M,Judahville,RI
Della,Hauck,Tue Mar 23 1937 20:04:19 GMT-0600 (Central Daylight Time),,F,Schuylerbury,UT
Dorris,Treutel,Fri Apr 11 1941 01:32:18 GMT-0600 (Central Daylight Time),,F,Murrayshire,GA
Elmira,Satterfield,Wed Nov 28 1945 10:40:40 GMT-0600 (Central Standard Time),,M,West Dimitriland,UT
Kayli,Halvorson,Mon Sep 08 1947 13:46:55 GMT-0500 (Central Daylight Time),,F,Xavierchester,CT
Nicklaus,Waelchi,Fri Jul 25 1969 12:38:59 GMT-0500 (Central Daylight Time),,M,Port Schuyler,MN
Maynard,Olson,Sat Jul 13 1940 16:31:41 GMT-0500 (Central Daylight Time),,M,South Hubert,AK
Jazmin,Romaguera,Thu Jan 21 1988 23:54:24 GMT-0600 (Central Standard Time),,F,South Zakarystad,NH
Chaim,Boyle,Tue Jul 15 1980 03:29:56 GMT-0500 (Central Daylight Time),,M,South Darlene,HI
Jaime,Sawayn,Tue Aug 11 1987 15:11:00 GMT-0500 (Central Daylight Time),,M,Cyrilhaven,ND
Steve,Harber,Sat Sep 06 1958 09:44:53 GMT-0500 (Central Daylight Time),,M,Valentinhaven,KY
Reid,Altenwerth,Thu Feb 12 1970 18:37:47 GMT-0600 (Central Standard Time),,F,New Gordon,SC
Elna,Kshlerin,Thu Jun 08 2000 22:18:18 GMT-0500 (Central Daylight Time),,F,North Clemens,MS
Skye,Haag,Tue Jul 22 1941 12:39:55 GMT-0500 (Central Daylight Time),,F,Lake Edd,ID
Carmine,Fisher,Sat Aug 25 1984 03:39:03 GMT-0500 (Central Daylight Time),,M,South Durwardmouth,VA
Melissa,Zboncak,Sun Jun 07 1970 10:59:31 GMT-0500 (Central Daylight Time),,F,Lake Maureen,MD
Marjorie,Treutel,Fri May 09 1941 01:55:16 GMT-0500 (Central Daylight Time),,F,West Colemanville,MS
Ottis,Gottlieb,Fri Feb 09 1962 11:12:51 GMT-0600 (Central Standard Time),,M,South Augustaton,MA
Rosina,Rippin,Wed Jun 28 1961 07:57:21 GMT-0500 (Central Daylight Time),,M,Wuckertberg,ID
Kaylie,Corwin,Mon Jul 06 1992 23:29:57 GMT-0500 (Central Daylight Time),,M,McCluremouth,WY
Rafaela,Hammes,Tue Feb 02 1932 03:41:51 GMT-0600 (Central Standard Time),,M,Naomieport,LA
Edgardo,Kuphal,Thu Jan 11 1962 16:58:28 GMT-0600 (Central Standard Time),,M,New Vitoview,KY
Rosario,Rath,Thu Aug 02 1956 23:51:48 GMT-0500 (Central Daylight Time),,M,Wildermanhaven,ND
Reymundo,Schultz,Sun Mar 20 1938 04:02:53 GMT-0600 (Central Daylight Time),,M,Christiansenview,MO
Haleigh,D'Amore,Wed Apr 21 1993 18:03:22 GMT-0500 (Central Daylight Time),,F,North Willow,DE
Johnson,Schowalter,Sun Dec 09 1934 14:41:58 GMT-0600 (Central Standard Time),,F,Ruthbury,HI
Cielo,Cummings,Thu Jan 14 1954 01:49:06 GMT-0600 (Central Standard Time),,M,North Damon,WY
Christop,Jaskolski,Thu Oct 02 1947 19:07:00 GMT-0600 (Central Daylight Time),,M,Linnietown,VA
Verna,Waters,Sat Feb 05 1938 11:11:00 GMT-0600 (Central Standard Time),,F,Bodebury,AK
Eveline,Labadie,Fri Sep 05 1930 00:28:01 GMT-0500 (Central Daylight Time),,F,East Robynville,NJ
Celine,Cole,Mon Jul 01 1991 21:20:51 GMT-0500 (Central Daylight Time),,M,North Danielleport,NH
Scotty,Beer,Wed Feb 07 1968 17:10:18 GMT-0600 (Central Standard Time),,F,West Harleyville,MA
Geoffrey,Dicki,Thu Apr 26 1956 14:58:06 GMT-0600 (Central Daylight Time),,F,South Rickyfurt,KS
D'angelo,Bergstrom,Sun Oct 10 1982 22:38:15 GMT-0500 (Central Daylight Time),,M,South Corrine,KY
Chloe,Wunsch,Sun Sep 21 1930 21:08:47 GMT-0500 (Central Daylight Time),,M,Metzville,HI
Clint,Kemmer,Fri Apr 13 1956 22:58:48 GMT-0600 (Central Daylight Time),,M,East Elissahaven,NJ
Gerson,Maggio,Sat Jan 01 1944 01:27:48 GMT-0500 (Central Standard Time),,M,North Kyra,OH
Margret,Goldner,Fri Sep 07 1984 00:31:47 GMT-0500 (Central Daylight Time),,F,Arnoldbury,WA
Johnnie,Moen,Thu May 10 1990 04:20:47 GMT-0500 (Central Daylight Time),,M,Conroyport,ME
Taya,Heathcote,Fri Oct 05 1951 05:13:57 GMT-0600 (Central Daylight Time),,M,East Julius,HI
Holly,Rosenbaum,Thu May 11 1933 15:30:31 GMT-0500 (Central Daylight Time),,M,Monahanville,MT
Rylan,Feest,Mon Jun 27 1988 22:20:12 GMT-0500 (Central Daylight Time),,M,South Jermaine,NM
Lorna,Leffler,Mon Nov 06 1933 13:55:13 GMT-0600 (Central Standard Time),,M,O'Haraview,ID
Mark,Mills,Fri Apr 11 1930 21:47:05 GMT-0600 (Central Daylight Time),,F,South Vinceberg,NJ
Flavio,Jerde,Fri Jul 11 1941 03:51:00 GMT-0500 (Central Daylight Time),,F,Port Felton,AK
Dell,Ankunding,Wed Sep 26 1973 01:33:12 GMT-0500 (Central Daylight Time),,M,New Cleta,RI
Joseph,Carter,Sun Mar 20 1938 21:12:25 GMT-0600 (Central Daylight Time),,M,Muhammadmouth,NC
Jamir,Bergnaum,Mon Nov 19 1962 00:26:37 GMT-0600 (Central Standard Time),,M,East Alicebury,OR
Santa,Pacocha,Sun May 20 1984 08:19:17 GMT-0500 (Central Daylight Time),,M,Edamouth,CA
Jeremie,Bergstrom,Sun Sep 29 1940 18:08:24 GMT-0600 (Central Daylight Time),,M,Lake Alisha,WV
Micheal,Zieme,Thu Mar 22 1973 04:34:20 GMT-0600 (Central Standard Time),,F,Lake Caseymouth,ME
Agustin,Sauer,Wed Oct 28 1931 21:04:14 GMT-0600 (Central Daylight Time),,F,East Annamae,KS
Tara,Kihn,Sat Feb 11 1967 14:23:20 GMT-0600 (Central Standard Time),,M,Gutkowskiside,MS
Evert,Bartell,Sun Feb 28 1999 03:55:25 GMT-0600 (Central Standard Time),,M,North Vestafurt,AK
Sierra,Ledner,Wed Jun 30 1971 02:25:07 GMT-0500 (Central Daylight Time),,M,Volkmanfurt,NC
Marianna,Runolfsson,Sun Jan 07 1996 02:32:44 GMT-0600 (Central Standard Time),,F,South Kimport,WI
Nicholaus,Leffler,Mon Dec 05 1949 01:35:03 GMT-0600 (Central Standard Time),,F,Rutherfordland,UT
Savanna,Glover,Sun Apr 07 1985 12:53:39 GMT-0600 (Central Standard Time),,M,New Geovanny,AK
Torrey,Ward,Sat Jan 03 1998 09:21:21 GMT-0600 (Central Standard Time),,F,Port Lurlineborough,IL
Murray,Dietrich,Tue Jul 05 1938 01:40:29 GMT-0500 (Central Daylight Time),,F,East Jeanside,OK
Ettie,Bernier,Thu Jun 01 1961 17:46:35 GMT-0500 (Central Daylight Time),,M,Port Leann,UT
Domenick,Daugherty,Tue Jun 05 1973 07:53:28 GMT-0500 (Central Daylight Time),,M,South Frederique,AK
Denis,Erdman,Tue Jun 11 1974 08:16:54 GMT-0500 (Central Daylight Time),,F,Hodkiewiczton,ND
Bonnie,Hand,Thu Nov 16 1944 05:33:44 GMT-0500 (Central Standard Time),,F,Aylinside,WI
Laurine,Boyle,Mon Jul 02 1973 10:21:16 GMT-0500 (Central Daylight Time),,F,Lincolnside,NE
Mckayla,Wisozk,Tue Nov 20 1951 06:57:08 GMT-0600 (Central Standard Time),,M,Kassulketown,ID
Theresa,Hackett,Tue Mar 14 1989 01:18:54 GMT-0600 (Central Standard Time),,M,Candelarioside,AZ
Louie,Kuvalis,Wed Oct 06 1982 14:34:30 GMT-0500 (Central Daylight Time),,M,Darwinmouth,VT
Danielle,Kunde,Fri Jun 16 1939 02:28:58 GMT-0500 (Central Daylight Time),,F,New Lavonnechester,KS
Clinton,Gusikowski,Sun Mar 26 1972 04:58:01 GMT-0600 (Central Standard Time),,F,Pacochaville,AR
Retta,Lynch,Mon Oct 26 1998 10:21:51 GMT-0600 (Central Standard Time),,F,Mariannamouth,MO
Kelli,Gaylord,Tue Aug 26 1930 13:31:22 GMT-0500 (Central Daylight Time),,F,Lake Deborah,OK
Coty,Hickle,Mon Mar 23 1970 07:22:31 GMT-0600 (Central Standard Time),,F,Lupemouth,SD
Miguel,Hackett,Fri Jun 21 1963 05:28:28 GMT-0500 (Central Daylight Time),,F,East Monroe,CA
Annabell,Osinski,Tue Jan 17 1984 11:44:09 GMT-0600 (Central Standard Time),,M,East Garnettport,NY
Mable,Torp,Tue Feb 15 1955 05:10:00 GMT-0600 (Central Standard Time),,F,Jovantown,WY
Amy,Glover,Sun Sep 18 1955 13:33:18 GMT-0500 (Central Daylight Time),,M,New Jimmystad,FL
Newell,McLaughlin,Sun May 15 1949 11:25:08 GMT-0500 (Central Daylight Time),,M,Gibsonshire,MT
Cielo,Batz,Wed Aug 06 1952 07:41:50 GMT-0500 (Central Daylight Time),,F,West May,VT
Chauncey,Torp,Wed Aug 06 1986 20:11:56 GMT-0500 (Central Daylight Time),,F,North Veronica,TN
Laurine,Hayes,Sat Oct 20 1962 01:53:30 GMT-0500 (Central Daylight Time),,M,New Guadalupeborough,UT
Judge,Keeling,Mon Jun 17 1963 23:07:11 GMT-0500 (Central Daylight Time),,F,East Manuelland,WY
Zane,Kihn,Sun Jul 24 1932 18:57:02 GMT-0500 (Central Daylight Time),,F,South Alden,NV
Elroy,VonRueden,Mon Aug 06 1962 16:23:30 GMT-0500 (Central Daylight Time),,F,East Lottie,CO
Mitchel,Feest,Fri Dec 17 1937 05:52:23 GMT-0600 (Central Standard Time),,F,Port Esta,NC
Pierce,Raynor,Sat Feb 17 1940 14:01:23 GMT-0600 (Central Standard Time),,M,New Eveburgh,AR
Sofia,Robel,Mon Feb 13 1956 22:50:19 GMT-0600 (Central Standard Time),,M,Connhaven,MA
Monserrat,Kerluke,Sat Jan 30 1988 18:17:11 GMT-0600 (Central Standard Time),,M,North Adrienneshire,CO
Jerod,Torp,Sun Oct 17 1999 01:20:45 GMT-0500 (Central Daylight Time),,M,South Alejandramouth,SC
Myrna,Gerhold,Thu Jun 24 1937 09:08:02 GMT-0500 (Central Daylight Time),,M,Lake Sidney,MD
Garret,Lemke,Sat Feb 13 1999 07:47:43 GMT-0600 (Central Standard Time),,M,Stacyberg,OK
Sylvan,Monahan,Tue Jul 23 1929 01:06:25 GMT-0500 (Central Daylight Time),,M,Luettgenview,KS
Iliana,Pacocha,Tue Sep 24 1963 16:55:41 GMT-0500 (Central Daylight Time),,F,West Reyesborough,MN
Marty,Nolan,Wed Aug 31 1977 07:42:47 GMT-0500 (Central Daylight Time),,M,Evansstad,IL
Brett,Huels,Tue Oct 05 1993 02:13:21 GMT-0500 (Central Daylight Time),,F,Elwinport,TX
Terrence,Glover,Sat Feb 04 1961 05:46:51 GMT-0600 (Central Standard Time),,F,Robinstad,NE
Jadon,Koelpin,Fri Apr 17 1987 12:28:57 GMT-0500 (Central Daylight Time),,F,Mallieville,MI
Gisselle,Kuhic,Sun Mar 20 1960 03:52:30 GMT-0600 (Central Daylight Time),,M,Rohanport,NH
Abigale,Schaefer,Fri Jan 26 1940 18:03:26 GMT-0600 (Central Standard Time),,F,Port Carlomouth,NJ
Donald,Bernier,Mon Sep 12 1977 22:03:10 GMT-0500 (Central Daylight Time),,F,Hammesbury,KY
Hershel,Dooley,Thu Nov 09 1989 16:00:20 GMT-0600 (Central Standard Time),,F,Wildermanport,AL
Emelie,Wehner,Wed Nov 26 1975 17:07:25 GMT-0600 (Central Standard Time),,F,Jaleelfurt,OK
Manuela,Cole,Thu Jan 26 1928 02:57:16 GMT-0600 (Central Standard Time),,M,South Novellastad,NV
Hermann,Feest,Wed Jul 05 1995 09:02:35 GMT-0500 (Central Daylight Time),,M,East Jadyn,UT
Erika,Nader,Wed Sep 20 1978 22:13:32 GMT-0500 (Central Daylight Time),,M,North Verdietown,CO
Adele,Muller,Mon Nov 05 1956 07:41:12 GMT-0600 (Central Standard Time),,M,North Caleighside,KS
Kenneth,Koelpin,Sat Apr 24 1943 20:22:10 GMT-0500 (Central Daylight Time),,M,Danielmouth,IL
Sonya,Kutch,Thu Feb 11 1988 07:06:23 GMT-0600 (Central Standard Time),,F,Port Genovevachester,CA
Floy,Balistreri,Sat Feb 02 1991 06:56:32 GMT-0600 (Central Standard Time),,M,Ziemannton,MA
Dana,Connelly,Sun Jul 04 1999 23:49:27 GMT-0500 (Central Daylight Time),,F,Starkland,RI
Serenity,Schneider,Tue Nov 24 1959 07:08:14 GMT-0600 (Central Standard Time),,M,Port Lyrictown,PA
Sigrid,Kirlin,Mon May 14 1990 06:23:00 GMT-0500 (Central Daylight Time),,F,Domenicoburgh,MT
Myah,Rowe,Sat Apr 03 1971 02:13:13 GMT-0600 (Central Standard Time),,M,West Jarred,OK
Gretchen,Bruen,Mon Mar 13 1978 06:43:54 GMT-0600 (Central Standard Time),,M,Lake Alex,OH
George,Hyatt,Wed Mar 10 1993 12:34:39 GMT-0600 (Central Standard Time),,F,Kesslerborough,ND
Darien,Walter,Wed Sep 19 1956 00:25:17 GMT-0500 (Central Daylight Time),,M,East Darrentown,IL
Destiney,Pfannerstill,Tue Apr 02 1940 06:51:07 GMT-0600 (Central Daylight Time),,M,Mertzside,NV
Karlee,Zieme,Tue Jan 21 1930 23:52:52 GMT-0600 (Central Standard Time),,F,Kirlinside,LA
Leatha,Lueilwitz,Sat Nov 26 1966 03:19:12 GMT-0600 (Central Standard Time),,F,Jacinthehaven,OK
Viva,Bechtelar,Tue Aug 15 1967 13:44:29 GMT-0500 (Central Daylight Time),,F,Elianchester,MT
Delpha,Koch,Sat Nov 20 1965 01:43:46 GMT-0600 (Central Standard Time),,M,Noreneland,CA
Linnea,Wintheiser,Sun Sep 15 1968 22:51:01 GMT-0500 (Central Daylight Time),,M,Lake Eleonorestad,CO
Mavis,Altenwerth,Tue Aug 28 1945 20:19:03 GMT-0500 (Central Daylight Time),,F,Kulastown,NM
Alvah,Pagac,Sat Dec 01 1990 18:43:26 GMT-0600 (Central Standard Time),,F,Lake Nannie,IA
Hershel,Abshire,Tue Dec 22 1953 09:41:08 GMT-0600 (Central Standard Time),,M,New Justusmouth,IN
Dereck,Casper,Fri Jan 22 1960 02:05:54 GMT-0600 (Central Standard Time),,M,Metztown,IL
Ardella,Ward,Mon Mar 05 1984 01:02:27 GMT-0600 (Central Standard Time),,M,North Aditya,ME
Marcelina,Jerde,Sun Apr 01 1956 17:38:53 GMT-0600 (Central Daylight Time),,M,Lake Addisonbury,RI
Calista,Walsh,Fri Nov 28 1958 11:38:14 GMT-0600 (Central Standard Time),,M,Port Brooke,MA
Donato,Watsica,Fri Apr 25 1930 04:59:31 GMT-0600 (Central Daylight Time),,F,New Grant,AK
Ned,Braun,Mon Jan 03 1983 08:48:12 GMT-0600 (Central Standard Time),,F,East Sadieton,SC
Stevie,O'Conner,Wed Nov 30 1960 06:51:35 GMT-0600 (Central Standard Time),,M,East Omer,ME
Rico,Haley,Thu Mar 07 1946 22:52:09 GMT-0600 (Central Standard Time),,F,Port Miahaven,CT
Jensen,Jacobs,Mon Oct 09 2000 02:03:59 GMT-0500 (Central Daylight Time),,F,Meredithchester,CO
Addie,Williamson,Tue Nov 29 1988 09:04:00 GMT-0600 (Central Standard Time),,F,Port Urban,CA
Camron,Krajcik,Mon Oct 08 1945 18:44:52 GMT-0600 (Central Daylight Time),,M,Lake Gregoryton,MI
Deangelo,Rodriguez,Wed Oct 18 1933 04:38:38 GMT-0600 (Central Daylight Time),,M,Marlenemouth,UT
Joanie,Luettgen,Sun Mar 03 1963 22:03:24 GMT-0600 (Central Standard Time),,M,Croninfurt,WV
Karlie,Quitzon,Mon Nov 28 1988 23:36:46 GMT-0600 (Central Standard Time),,F,Port Monte,KY
Khalid,Schiller,Fri Dec 19 1952 13:43:49 GMT-0600 (Central Standard Time),,F,Haydenfort,OK
Gino,Lynch,Fri Mar 03 1950 15:51:52 GMT-0600 (Central Standard Time),,F,Wallacemouth,NH
Mireille,Witting,Tue Sep 30 1986 17:17:20 GMT-0500 (Central Daylight Time),,F,Laurinestad,OK
Paula,Herman,Sat Feb 03 1996 02:44:13 GMT-0600 (Central Standard Time),,F,Raphaelborough,MO
Skylar,Kautzer,Sat Aug 09 1947 12:44:00 GMT-0500 (Central Daylight Time),,F,Schuppeton,MS
Mabel,Witting,Sat Mar 12 1988 07:55:28 GMT-0600 (Central Standard Time),,F,Juddmouth,VA
Hortense,Rice,Sat Aug 01 1981 06:24:35 GMT-0500 (Central Daylight Time),,M,Johathanbury,MA
Skylar,Gleason,Wed May 31 1933 16:51:04 GMT-0500 (Central Daylight Time),,F,East Dakotaville,IN
Angus,Flatley,Sun Feb 16 1936 18:20:52 GMT-0600 (Central Standard Time),,F,North Stephanyborough,MO
Demetris,Schulist,Thu May 10 1962 07:52:16 GMT-0500 (Central Daylight Time),,F,Port Elenorberg,AL
Lauren,Doyle,Sun Jul 22 1990 07:14:32 GMT-0500 (Central Daylight Time),,M,Torpmouth,FL
Jayde,Crooks,Tue Sep 14 1948 15:26:01 GMT-0500 (Central Daylight Time),,M,Nellieborough,FL
Howard,Rau,Sat Oct 05 1996 19:38:25 GMT-0500 (Central Daylight Time),,F,Lake Dakota,AZ
August,Blick,Tue Jan 13 1942 16:38:00 GMT-0600 (Central Standard Time),,F,Wizabury,LA
Haylee,Jacobson,Thu Feb 14 1957 22:29:56 GMT-0600 (Central Standard Time),,F,West Dillan,PA
Mittie,Koepp,Mon Apr 08 1968 02:16:33 GMT-0600 (Central Daylight Time),,M,Thorabury,AZ
Lonzo,Brakus,Wed Oct 09 1946 09:52:55 GMT-0600 (Central Daylight Time),,M,East Lionelport,VT
Nicolas,Aufderhar,Wed May 10 1944 23:02:20 GMT-0500 (Central Daylight Time),,F,Lake Elian,ND
Lukas,Gaylord,Wed Oct 28 1992 15:31:45 GMT-0600 (Central Standard Time),,F,Miloview,OH
Garrison,Pollich,Fri Nov 07 1997 12:05:45 GMT-0600 (Central Standard Time),,M,Champlinport,GA
Burdette,Bode,Fri Feb 07 1969 11:19:09 GMT-0600 (Central Standard Time),,F,Lonzoborough,CT
Jeremy,Marquardt,Mon Feb 17 1975 17:12:29 GMT-0600 (Central Standard Time),,F,Hansentown,TX
Russel,Buckridge,Wed Oct 25 1995 19:57:00 GMT-0500 (Central Daylight Time),,M,West Mayport,IN
Hester,Stehr,Fri Apr 15 1955 23:01:52 GMT-0600 (Central Daylight Time),,M,Evertshire,DE
Meagan,Krajcik,Thu Oct 09 1975 08:15:00 GMT-0500 (Central Daylight Time),,F,Creminside,PA
Sonia,Wunsch,Wed Jan 28 1981 22:43:32 GMT-0600 (Central Standard Time),,M,Hoppechester,MN
Darryl,Ullrich,Mon Sep 09 1974 19:37:37 GMT-0500 (Central Daylight Time),,M,Aiyanaberg,AL
Corbin,McLaughlin,Tue May 26 1959 01:11:59 GMT-0500 (Central Daylight Time),,F,North Myrnafurt,WA
Monroe,Schinner,Sun Jul 10 1983 19:13:51 GMT-0500 (Central Daylight Time),,M,North Benedict,WA
Sim,Robel,Sat Oct 05 1985 18:04:22 GMT-0500 (Central Daylight Time),,M,North Savannafort,TX
Tamara,Stracke,Fri Sep 07 1984 19:56:37 GMT-0500 (Central Daylight Time),,F,Walkerhaven,NV
Brooke,Hessel,Wed Nov 11 1953 17:26:52 GMT-0600 (Central Standard Time),,M,East Oswaldhaven,RI
Jermey,Brown,Sun Aug 06 1972 08:49:48 GMT-0500 (Central Daylight Time),,M,East Orie,TX
Jeremy,Cummerata,Tue Feb 03 1959 14:18:10 GMT-0600 (Central Standard Time),,F,West Fionachester,MO
Jillian,Koelpin,Sat Nov 10 1962 15:32:47 GMT-0600 (Central Standard Time),,M,New Vallie,NM
Tevin,Bernhard,Mon Nov 25 1974 17:48:52 GMT-0600 (Central Standard Time),,M,Bradtkeside,ND
Kristin,Watsica,Fri May 14 1982 08:48:20 GMT-0500 (Central Daylight Time),,M,South Adelia,KY
Heidi,Muller,Sun May 21 1939 10:24:38 GMT-0500 (Central Daylight Time),,F,Durganberg,UT
Mittie,Terry,Thu Dec 02 1976 09:03:09 GMT-0600 (Central Standard Time),,F,Nicolastad,DE
Flavie,Wilkinson,Thu May 19 1932 15:12:41 GMT-0500 (Central Daylight Time),,F,New Austen,WY
Isabell,Gaylord,Sat Oct 16 1971 02:40:08 GMT-0500 (Central Daylight Time),,F,Wymanton,ID
Raegan,Wilkinson,Fri Jun 26 1936 02:14:12 GMT-0500 (Central Daylight Time),,M,Port Cassie,WI
Zelma,Corwin,Tue Nov 10 1981 23:51:24 GMT-0600 (Central Standard Time),,F,Lake Madalyn,IL
Edison,Larkin,Wed Dec 25 1996 10:37:05 GMT-0600 (Central Standard Time),,M,Millerburgh,CA
Nyasia,Mraz,Mon Sep 11 1995 11:30:13 GMT-0500 (Central Daylight Time),,F,Yostland,MA
Alvis,Kulas,Sun Mar 03 1985 21:20:33 GMT-0600 (Central Standard Time),,M,Bretbury,CO
Zoe,Kovacek,Fri Mar 02 1928 00:02:59 GMT-0600 (Central Standard Time),,M,Lake Jenatown,MN
Monica,Grimes,Mon Apr 13 1987 15:12:14 GMT-0500 (Central Daylight Time),,F,Lake Halle,NE
Anika,Homenick,Wed Jan 01 1969 07:59:20 GMT-0600 (Central Standard Time),,M,Laverneberg,AZ
Willis,Smitham,Mon Sep 09 1957 18:03:56 GMT-0500 (Central Daylight Time),,F,Kuhnside,MN
Tiara,Rice,Fri Oct 31 1947 12:27:52 GMT-0600 (Central Daylight Time),,F,Schowalterside,MA
Abe,Weber,Tue Feb 25 1958 05:35:53 GMT-0600 (Central Standard Time),,F,West Sandrinestad,MI
Jeramie,Keebler,Fri Jan 25 1957 09:50:42 GMT-0600 (Central Standard Time),,M,Maritzafort,KY
Shana,Blanda,Tue Feb 24 1976 16:34:08 GMT-0600 (Central Standard Time),,F,East Carmellatown,MS
Herman,Toy,Tue Nov 19 1929 14:43:43 GMT-0600 (Central Standard Time),,M,North Emmanuelle,OH
Reed,Dickinson,Thu Feb 01 1962 09:43:33 GMT-0600 (Central Standard Time),,F,New Nettiemouth,IL
Gunnar,Schneider,Sun Aug 06 1961 11:37:10 GMT-0500 (Central Daylight Time),,M,Lake Ryanport,NH
Michaela,Emard,Fri Jun 26 1987 17:35:37 GMT-0500 (Central Daylight Time),,M,Rosaleefurt,WA
Eldon,Rath,Sat May 12 1984 22:41:15 GMT-0500 (Central Daylight Time),,M,West Nat,MD
Sammy,Marvin,Wed Dec 09 1931 05:59:24 GMT-0600 (Central Standard Time),,M,Schulistfort,KY
Webster,Torphy,Fri Dec 06 1991 01:28:36 GMT-0600 (Central Standard Time),,F,East Barry,NH
Franz,Feest,Mon Nov 01 1999 09:11:02 GMT-0600 (Central Standard Time),,M,Wizamouth,VT
Nicholaus,Denesik,Wed Mar 07 1956 08:21:55 GMT-0600 (Central Standard Time),,F,Maidaberg,WA
Kelsi,Mante,Sun Jan 20 1991 12:42:08 GMT-0600 (Central Standard Time),,F,Vernerhaven,LA
Rusty,Simonis,Wed May 18 1932 14:48:34 GMT-0500 (Central Daylight Time),,M,Franciscaview,CA
Clair,Cassin,Sun Aug 29 1993 18:46:48 GMT-0500 (Central Daylight Time),,F,Madelynborough,WV
Dorris,Rice,Sun Dec 23 1951 02:16:24 GMT-0600 (Central Standard Time),,F,Lake Sheridanton,DE
Lenore,Funk,Fri Sep 07 1990 23:01:18 GMT-0500 (Central Daylight Time),,F,East Kaylahshire,AK
Caleb,Willms,Mon Mar 07 1983 12:15:27 GMT-0600 (Central Standard Time),,M,Hannabury,IN
Lolita,Carroll,Sat May 09 1931 05:21:44 GMT-0500 (Central Daylight Time),,F,North Peggie,CT
Darby,Bernhard,Sat Oct 12 1991 19:21:58 GMT-0500 (Central Daylight Time),,F,North Gladyce,LA
Abigayle,Keeling,Tue Dec 15 1942 00:06:24 GMT-0500 (Central Standard Time),,F,East Myrticeburgh,VT
Helene,Gislason,Sun Sep 27 1998 04:36:28 GMT-0500 (Central Daylight Time),,F,West Meda,MS
Ruby,Schiller,Thu Jul 04 1940 07:22:07 GMT-0500 (Central Daylight Time),,F,North Giovannaland,NH
Arnaldo,Adams,Thu May 09 1963 02:02:34 GMT-0500 (Central Daylight Time),,M,Port Jasenberg,AR
Samara,Daniel,Tue Apr 19 1983 22:23:08 GMT-0600 (Central Standard Time),,F,Mantehaven,TN
Sadie,Schroeder,Fri Jun 16 1972 14:38:30 GMT-0500 (Central Daylight Time),,M,Port Jesus,TN
Nathanial,Prohaska,Thu May 23 1963 21:35:36 GMT-0500 (Central Daylight Time),,F,Emmerichside,SC
Wilbert,DuBuque,Sat Apr 07 1979 22:59:05 GMT-0600 (Central Standard Time),,M,Camylleland,NM
Samir,Ward,Sat Mar 06 1943 11:49:41 GMT-0500 (Central Standard Time),,F,Port Fritz,MO
Ivah,Schulist,Tue Oct 01 1974 06:31:37 GMT-0500 (Central Daylight Time),,F,Johnsonberg,TN
Lilian,Rolfson,Mon Aug 04 1958 02:13:49 GMT-0500 (Central Daylight Time),,F,West Alexfurt,OK
Wilhelm,Bruen,Sat Jul 05 1930 07:57:26 GMT-0500 (Central Daylight Time),,M,Port Jasminbury,MT
Jettie,Conn,Wed Nov 15 1933 11:01:55 GMT-0600 (Central Standard Time),,F,Priceberg,SD
Mabel,Kiehn,Sat Jan 01 1994 06:31:11 GMT-0600 (Central Standard Time),,F,New Lilian,CO
Emiliano,Marvin,Sun Apr 06 1969 00:33:42 GMT-0600 (Central Daylight Time),,F,Johnsonfort,AZ
Rodrick,Kuhic,Wed Sep 28 1983 14:48:44 GMT-0500 (Central Daylight Time),,F,Port Colin,NY
Allene,Schulist,Thu Mar 22 1979 02:55:02 GMT-0600 (Central Standard Time),,M,West Americaburgh,NM
Zula,Lehner,Mon Feb 02 1970 21:17:17 GMT-0600 (Central Standard Time),,M,North Odell,PA
Dejah,Corkery,Wed Sep 01 1993 02:27:15 GMT-0500 (Central Daylight Time),,F,Port Claudia,MD
Barton,Hoppe,Fri Jun 04 1943 05:00:33 GMT-0500 (Central Daylight Time),,M,South Rebekah,WI
Dalton,Gottlieb,Sat Mar 17 1990 02:20:01 GMT-0600 (Central Standard Time),,M,Kundehaven,NE
Ariane,Yost,Sun Dec 09 1928 13:01:20 GMT-0600 (Central Standard Time),,F,North Geovannyborough,SD
Quinten,Kihn,Fri Dec 19 1986 11:42:58 GMT-0600 (Central Standard Time),,F,Port Franciscafurt,MI
Alivia,Moore,Thu Jul 07 1960 09:19:26 GMT-0500 (Central Daylight Time),,M,Port Imaburgh,UT
Bobby,Dibbert,Mon Mar 04 1963 01:59:50 GMT-0600 (Central Standard Time),,M,Port Tyshawn,NH
Harmony,Wiza,Sun Feb 13 1944 00:07:20 GMT-0500 (Central Standard Time),,M,Pollichfurt,TX
Cristopher,Jakubowski,Tue Aug 04 1970 05:21:02 GMT-0500 (Central Daylight Time),,F,South Jonatanhaven,WV
Jacky,Legros,Sat Aug 01 1981 05:07:18 GMT-0500 (Central Daylight Time),,M,Williamsontown,KS
Ricardo,Keeling,Mon Dec 05 1988 16:26:46 GMT-0600 (Central Standard Time),,F,Clementtown,KY
Coty,Thiel,Wed Jan 10 1990 21:34:41 GMT-0600 (Central Standard Time),,F,Fredericstad,OH
Ellie,Jenkins,Thu Mar 17 1955 16:32:08 GMT-0600 (Central Daylight Time),,F,Santinaland,CA
Halie,Wiza,Sat Jun 06 1959 10:19:03 GMT-0500 (Central Daylight Time),,F,Lake Shakira,CO
Annie,Friesen,Sat Feb 18 1995 17:37:25 GMT-0600 (Central Standard Time),,F,New Dejonport,CA
Kiley,Monahan,Fri Jan 01 1965 12:33:08 GMT-0600 (Central Standard Time),,F,Schusterside,AR
Rosa,Hegmann,Mon Mar 20 1961 12:13:03 GMT-0600 (Central Daylight Time),,M,Sauerborough,KY
Lucious,Parker,Wed Dec 15 1976 00:38:41 GMT-0600 (Central Standard Time),,M,New Giovanny,MA
Kaylee,Gorczany,Mon Nov 03 1952 11:35:15 GMT-0600 (Central Standard Time),,M,Edwinaport,NJ
Jade,Turcotte,Sun Feb 27 1994 20:09:58 GMT-0600 (Central Standard Time),,F,West Amina,FL
Zula,Crooks,Thu Feb 23 1933 23:14:00 GMT-0600 (Central Standard Time),,F,South Bartholome,CT
Marques,Lindgren,Fri Apr 23 1982 10:27:17 GMT-0600 (Central Standard Time),,M,South Jennyfer,NY
Tanya,Bode,Fri Sep 23 1983 11:31:19 GMT-0500 (Central Daylight Time),,M,Lake Rogers,MS
Sasha,Lemke,Sun Aug 20 1961 20:31:44 GMT-0500 (Central Daylight Time),,F,Demariomouth,AK
Dorian,Hoppe,Thu Apr 01 1982 11:55:56 GMT-0600 (Central Standard Time),,F,North Rogerton,NC
Maude,Bins,Tue Jun 21 1938 13:20:31 GMT-0500 (Central Daylight Time),,F,Thorashire,MA
Lora,Boyer,Thu Nov 02 1939 20:58:38 GMT-0600 (Central Daylight Time),,M,Port Leonora,CT
Constantin,Kuvalis,Sun Dec 10 1939 02:42:48 GMT-0600 (Central Standard Time),,F,Giovannitown,IL
Lucienne,Reichert,Thu Jun 27 1929 18:29:34 GMT-0500 (Central Daylight Time),,M,West Torrance,MI
Bobby,Botsford,Sat Dec 02 1989 03:21:22 GMT-0600 (Central Standard Time),,M,Christellechester,ID
Olen,McLaughlin,Fri Apr 21 1961 18:44:20 GMT-0600 (Central Daylight Time),,F,Hermannbury,SC
Ulices,Anderson,Tue Mar 30 1943 20:01:06 GMT-0500 (Central Daylight Time),,M,Port Sabina,MT
Reggie,DuBuque,Sat Dec 31 1955 11:33:30 GMT-0600 (Central Standard Time),,F,Masonfurt,PA
Linwood,Ferry,Mon Apr 29 1957 08:17:55 GMT-0500 (Central Daylight Time),,F,North Hayleystad,GA
Bert,Gerhold,Sun Mar 05 1961 08:24:45 GMT-0600 (Central Standard Time),,F,Gusikowskiberg,TN
Anahi,Davis,Tue Feb 03 1953 05:55:18 GMT-0600 (Central Standard Time),,F,Goldnerchester,MN
Wilber,Beier,Sat Apr 23 1938 01:29:09 GMT-0600 (Central Daylight Time),,M,Lake Judahview,UT
Vada,Jones,Wed Jul 31 1946 14:11:25 GMT-0500 (Central Daylight Time),,F,Thereseville,OK
Chadrick,Kovacek,Wed Dec 09 1981 02:41:56 GMT-0600 (Central Standard Time),,M,East Erwin,NV
Harrison,Schaefer,Mon Mar 23 1987 00:04:01 GMT-0600 (Central Standard Time),,F,Port Johanville,NC
Noemie,Hettinger,Tue Oct 21 1930 06:10:02 GMT-0600 (Central Daylight Time),,M,North Holdenside,AR
Murl,Kautzer,Wed Feb 09 1966 03:14:00 GMT-0600 (Central Standard Time),,F,Tellyshire,OR
Jaylin,Blick,Sat Dec 09 1989 22:05:08 GMT-0600 (Central Standard Time),,M,Koelpinville,NE
Adrienne,Dibbert,Sat Dec 17 1983 10:18:03 GMT-0600 (Central Standard Time),,M,Elfriedaton,NE
Jacquelyn,Greenfelder,Wed Apr 24 1974 23:15:04 GMT-0500 (Central Daylight Time),,M,Theomouth,OK
Mariano,Sipes,Thu Feb 18 1937 04:41:02 GMT-0600 (Central Standard Time),,F,New Enid,CO
Erick,Lindgren,Tue Sep 14 1937 01:30:03 GMT-0500 (Central Daylight Time),,F,New Alexandria,MT
Florian,Koelpin,Fri Dec 07 1928 14:33:55 GMT-0600 (Central Standard Time),,M,East Raymond,AK
Rogers,Stroman,Sat Jun 03 1961 17:04:03 GMT-0500 (Central Daylight Time),,M,Elishaborough,VA
Xavier,Parisian,Sun Dec 20 1992 19:41:25 GMT-0600 (Central Standard Time),,M,Adonisburgh,CO
Leonardo,Gutkowski,Thu Jan 14 1971 16:28:31 GMT-0600 (Central Standard Time),,M,Baileyborough,CO
Louisa,Larkin,Sat Jun 27 1987 10:57:21 GMT-0500 (Central Daylight Time),,F,South Haileyfurt,MD
Madisyn,Paucek,Mon Jan 25 1965 08:15:19 GMT-0600 (Central Standard Time),,M,Marjorieburgh,CO
Jackie,Stroman,Sun Aug 24 1947 02:14:46 GMT-0500 (Central Daylight Time),,M,Littelchester,UT
Terrell,Smitham,Thu Jul 18 1996 09:28:47 GMT-0500 (Central Daylight Time),,F,Charleyton,NY
Zola,Bednar,Mon Jul 01 1963 03:03:28 GMT-0500 (Central Daylight Time),,M,Liashire,GA
Jan,D'Amore,Fri Jan 03 1936 20:29:32 GMT-0600 (Central Standard Time),,M,South Adelbertbury,MS
Ansley,Mills,Fri Jan 01 1982 09:56:23 GMT-0600 (Central Standard Time),,F,Lake Roxanne,AZ
Florine,Russel,Thu Dec 02 1971 23:14:17 GMT-0600 (Central Standard Time),,M,Nikolausville,MA
Philip,Hauck,Thu Nov 03 1949 22:41:35 GMT-0600 (Central Daylight Time),,F,Nigelton,NM
Barrett,Berge,Sun Sep 16 1945 11:37:41 GMT-0500 (Central Daylight Time),,F,North Petertown,NC
Ellsworth,Emmerich,Sun Jan 25 1931 04:41:10 GMT-0600 (Central Standard Time),,M,Christopberg,ME
Elinore,Will,Mon Jul 11 1955 16:49:09 GMT-0500 (Central Daylight Time),,M,North Jedidiahmouth,FL
Eddie,O'Reilly,Fri Jan 05 1979 18:13:56 GMT-0600 (Central Standard Time),,M,Brownberg,NM
Kimberly,Keebler,Sun Jan 31 1993 03:36:42 GMT-0600 (Central Standard Time),,M,North Paul,WY
Eloisa,O'Hara,Mon Jun 04 1990 07:35:36 GMT-0500 (Central Daylight Time),,M,North Michaela,NC
Rowland,Johns,Sat Aug 06 1960 14:47:44 GMT-0500 (Central Daylight Time),,F,East Juliusborough,NY
Mariela,Frami,Mon Nov 13 1978 11:52:30 GMT-0600 (Central Standard Time),,F,South Una,MA
Leonie,Upton,Mon Jan 05 1970 18:20:45 GMT-0600 (Central Standard Time),,M,West Mekhibury,FL
Pascale,Hackett,Wed Mar 04 1981 09:45:07 GMT-0600 (Central Standard Time),,M,Lake Shaniatown,GA
Rowena,Cummings,Thu Sep 17 1987 05:48:05 GMT-0500 (Central Daylight Time),,F,North Shemar,NJ
Monroe,Smitham,Sat Jun 08 1940 06:49:18 GMT-0500 (Central Daylight Time),,F,Barrowsmouth,AR
Sonya,Reilly,Mon Oct 10 1966 02:01:14 GMT-0500 (Central Daylight Time),,M,Weimannton,UT
Lessie,Goodwin,Sat Jun 07 1952 00:26:04 GMT-0500 (Central Daylight Time),,F,North Jimmiestad,CA
Fiona,Orn,Tue Nov 13 1979 14:06:09 GMT-0600 (Central Standard Time),,F,East Geo,NV
Percival,Schmidt,Sat Mar 09 1985 11:35:26 GMT-0600 (Central Standard Time),,F,North Zaria,NY
Raheem,Rosenbaum,Fri May 11 1990 22:19:22 GMT-0500 (Central Daylight Time),,M,West Hailee,LA
Tamia,Walsh,Wed Mar 09 1938 01:34:13 GMT-0600 (Central Standard Time),,M,Homenickview,ND
Delilah,Sauer,Mon May 25 1942 13:30:51 GMT-0500 (Central Daylight Time),,F,Handtown,VA
Arlie,Goyette,Fri May 22 1936 20:46:42 GMT-0500 (Central Daylight Time),,M,Wilmertown,VA
Rasheed,Hilpert,Sun Oct 29 2000 22:00:09 GMT-0600 (Central Standard Time),,M,Lake Jakob,UT
Emma,Strosin,Fri Oct 05 1956 03:54:35 GMT-0500 (Central Daylight Time),,M,West Robertomouth,NV
Ora,Harris,Mon Aug 09 1976 08:29:18 GMT-0500 (Central Daylight Time),,F,South Maymie,CA
Kaleb,Lueilwitz,Wed Dec 08 1954 14:04:05 GMT-0600 (Central Standard Time),,F,Dareside,MT
Gino,Grant,Fri Mar 31 1972 05:42:18 GMT-0600 (Central Standard Time),,F,West Amir,SD
Jarrell,Durgan,Thu Feb 08 1940 10:55:30 GMT-0600 (Central Standard Time),,F,West Evalyn,RI
Guillermo,Dicki,Mon Mar 27 1995 11:41:23 GMT-0600 (Central Standard Time),,M,Marcelleport,MS
Forest,Hettinger,Thu Sep 07 1995 15:04:40 GMT-0500 (Central Daylight Time),,F,South Gardner,WI
Giovanni,Thompson,Fri Oct 18 1935 09:52:52 GMT-0600 (Central Daylight Time),,F,Donnaview,NH
Kayla,Wehner,Tue Jul 19 1955 15:17:16 GMT-0500 (Central Daylight Time),,F,Amirville,WY
Alexane,Hansen,Sun Aug 31 1997 22:03:40 GMT-0500 (Central Daylight Time),,F,Port Talonbury,CT
Sister,Reynolds,Thu Aug 03 1995 15:18:34 GMT-0500 (Central Daylight Time),,F,Bechtelarside,WY
Jett,Brekke,Tue Nov 13 1934 04:31:48 GMT-0600 (Central Standard Time),,M,Wolffville,MI
Emanuel,Muller,Mon Jun 20 1966 16:23:26 GMT-0500 (Central Daylight Time),,F,South Jena,MA
Waylon,Price,Fri Apr 22 1949 13:07:04 GMT-0600 (Central Daylight Time),,M,East Ayden,NV
Carolyn,O'Conner,Sun Jun 05 1955 06:25:30 GMT-0500 (Central Daylight Time),,F,West Abemouth,CA
Sage,Konopelski,Mon Oct 07 1968 14:29:03 GMT-0500 (Central Daylight Time),,M,Yostfurt,OK
Henderson,Hartmann,Wed Dec 12 1973 05:48:31 GMT-0600 (Central Standard Time),,F,East Gloriamouth,MA
Santina,Gerlach,Mon Apr 19 1965 05:02:14 GMT-0600 (Central Daylight Time),,F,Taylortown,AK
Janis,Collier,Sat Feb 21 1959 18:23:23 GMT-0600 (Central Standard Time),,F,Bettyborough,IL
Iva,O'Hara,Sat May 13 1967 15:49:33 GMT-0500 (Central Daylight Time),,M,East Adalinemouth,LA
Alison,Konopelski,Tue May 16 1995 00:02:28 GMT-0500 (Central Daylight Time),,M,Lake Virgilfort,WY
Abigale,Schimmel,Tue Dec 23 1986 08:20:17 GMT-0600 (Central Standard Time),,F,Schmidtmouth,PA
Jerrell,Stanton,Mon Jul 13 1953 17:39:05 GMT-0500 (Central Daylight Time),,F,East Kian,MN
Dillan,Gutmann,Mon Jun 14 1948 04:35:44 GMT-0500 (Central Daylight Time),,M,Hageneshaven,OK
Isabel,Shields,Sat Dec 02 1944 23:45:08 GMT-0500 (Central Standard Time),,F,East Sincerefurt,MS
Halle,Brown,Wed Apr 07 1999 11:51:12 GMT-0500 (Central Daylight Time),,F,Port Fern,OR
Monserrat,Ward,Thu Jun 27 1929 14:39:41 GMT-0500 (Central Daylight Time),,F,Port Dora,IA
Chanel,Nienow,Wed Apr 25 1934 05:45:00 GMT-0600 (Central Daylight Time),,M,Jacobiville,FL
Kevin,King,Sat Jun 27 1931 02:07:02 GMT-0500 (Central Daylight Time),,M,West Brenden,OR
Caesar,Lang,Thu Dec 24 1970 02:56:34 GMT-0600 (Central Standard Time),,M,Hackettbury,AL
Mikayla,Bergnaum,Fri Nov 11 1994 19:20:36 GMT-0600 (Central Standard Time),,F,Wisozkfurt,MT
Glenda,Blick,Sat Jul 13 1929 16:22:38 GMT-0500 (Central Daylight Time),,M,Schadenburgh,TN
Kaitlyn,Christiansen,Thu Jan 28 1960 23:38:53 GMT-0600 (Central Standard Time),,F,Dextermouth,ND
Juana,Tremblay,Sun Jan 17 1971 00:57:16 GMT-0600 (Central Standard Time),,F,North Lindsay,DE
Maria,Hammes,Sun Feb 01 1976 15:50:51 GMT-0600 (Central Standard Time),,M,West Thomas,AK
Guiseppe,Connelly,Tue Oct 11 1960 23:01:59 GMT-0500 (Central Daylight Time),,F,Brandttown,NM
Lorna,Nikolaus,Wed Aug 15 1951 05:48:02 GMT-0500 (Central Daylight Time),,M,East Ezekielfurt,TX
Reynold,Bayer,Fri May 22 1992 05:18:19 GMT-0500 (Central Daylight Time),,M,Gibsonstad,NV
Hilbert,Considine,Sat Jun 04 1960 17:55:36 GMT-0500 (Central Daylight Time),,M,East Priscillamouth,GA
Lisandro,Heidenreich,Wed Apr 05 2000 11:18:03 GMT-0500 (Central Daylight Time),,M,North Stanton,IN
Dannie,Fritsch,Fri Oct 08 1943 04:37:59 GMT-0500 (Central Daylight Time),,F,South Melanyport,AL
Roman,Lakin,Mon Nov 29 1971 08:34:38 GMT-0600 (Central Standard Time),,F,New Merlin,IN
Annabel,Kovacek,Mon Jan 21 1946 21:44:50 GMT-0600 (Central Standard Time),,F,New Ulisesberg,KS
Candice,Reynolds,Fri Jun 26 1953 10:48:15 GMT-0500 (Central Daylight Time),,F,Alanton,IL
Opal,Fay,Sat Oct 18 1930 04:47:27 GMT-0600 (Central Daylight Time),,M,New Loren,AR
Tyree,Terry,Fri Dec 24 1999 17:35:36 GMT-0600 (Central Standard Time),,F,O'Konfurt,WV
Vidal,Miller,Sun Nov 24 1957 11:32:33 GMT-0600 (Central Standard Time),,F,Anabellefort,MN
Randy,Lehner,Mon Aug 07 1939 11:20:48 GMT-0500 (Central Daylight Time),,M,Antonetteview,IL
Sallie,Rowe,Sun Nov 21 1954 22:31:41 GMT-0600 (Central Standard Time),,F,Donaldburgh,WV
Randy,Daniel,Sun Feb 02 1936 05:05:13 GMT-0600 (Central Standard Time),,F,Daremouth,KY
Maxime,Robel,Tue Nov 11 1980 19:04:37 GMT-0600 (Central Standard Time),,M,Vedaview,ME
Adrain,Kassulke,Sun Oct 30 1955 06:23:51 GMT-0600 (Central Daylight Time),,M,South Monaview,AR
Jay,Beer,Sun Jun 16 1974 03:55:58 GMT-0500 (Central Daylight Time),,M,South Anthony,PA
Torrance,Nitzsche,Fri May 22 1998 03:50:25 GMT-0500 (Central Daylight Time),,M,Ahmedchester,FL
Alvera,Lehner,Sun Mar 16 1969 21:40:43 GMT-0600 (Central Daylight Time),,F,New Chadd,NY
Jared,Glover,Wed Oct 27 1993 18:48:49 GMT-0500 (Central Daylight Time),,F,Lake Hardy,RI
Alicia,Heathcote,Wed Oct 25 1967 15:38:54 GMT-0500 (Central Daylight Time),,F,Leannaborough,WA
Alessia,Tillman,Thu Dec 01 1983 15:03:34 GMT-0600 (Central Standard Time),,M,Lake Adelbert,MS
Gerardo,Jacobson,Tue Jun 07 1983 01:16:50 GMT-0500 (Central Daylight Time),,M,West Christfurt,DE
Carissa,Haley,Tue Mar 06 1979 06:33:19 GMT-0600 (Central Standard Time),,M,Ernsermouth,AK
Rahsaan,Abbott,Thu Jan 24 1935 21:16:18 GMT-0600 (Central Standard Time),,M,Klingberg,FL
Cristal,Moen,Fri Oct 19 1973 09:35:22 GMT-0500 (Central Daylight Time),,F,Port Daxshire,TN
Noah,Jast,Sun May 02 1971 07:27:42 GMT-0500 (Central Daylight Time),,F,Purdymouth,OK
Marquise,Keebler,Mon Jul 04 1955 13:05:38 GMT-0500 (Central Daylight Time),,F,New Summerbury,FL
Mark,Marquardt,Sat Jul 09 1983 12:14:18 GMT-0500 (Central Daylight Time),,F,New Efrain,ND
Tomas,Lind,Thu Jul 18 1957 20:07:29 GMT-0500 (Central Daylight Time),,F,Flatleyburgh,VT
Trey,Walker,Sat Feb 28 1948 18:38:28 GMT-0600 (Central Standard Time),,F,Kellieville,AZ
Bailee,Prosacco,Mon Oct 29 1951 00:14:12 GMT-0600 (Central Daylight Time),,F,Lake Cleoton,IA
Amie,Boyer,Thu Oct 15 1942 09:00:24 GMT-0500 (Central Daylight Time),,M,West Julioside,CO
Dorris,Hamill,Sun Aug 18 1985 03:27:13 GMT-0500 (Central Daylight Time),,F,Port Ray,AL
Armani,Schultz,Fri Jun 27 1975 08:55:59 GMT-0500 (Central Daylight Time),,M,South Esmeraldaberg,IL
Nolan,O'Keefe,Tue Jan 29 1985 02:46:59 GMT-0600 (Central Standard Time),,M,South Aliyah,WI
Toney,Brown,Sat Feb 25 1967 17:32:25 GMT-0600 (Central Standard Time),,M,East Kailyn,KS
Enid,Hintz,Tue Mar 16 1982 15:27:16 GMT-0600 (Central Standard Time),,M,Ginofurt,TX
Nicolette,Runte,Fri Nov 04 1983 12:44:06 GMT-0600 (Central Standard Time),,F,North Orvalfurt,NC
Sheridan,Hegmann,Mon Jun 08 1931 23:15:55 GMT-0500 (Central Daylight Time),,F,Rhiannonborough,WI
Grant,Heller,Tue Nov 28 2000 10:10:07 GMT-0600 (Central Standard Time),,M,South Destinyton,NV
Jaunita,Schaden,Wed Jan 31 1962 09:01:30 GMT-0600 (Central Standard Time),,F,Kreigermouth,CO
Gracie,Ratke,Thu Jun 15 1995 17:45:31 GMT-0500 (Central Daylight Time),,M,Waelchiview,FL
Noemi,Kemmer,Mon Jun 24 1974 21:40:19 GMT-0500 (Central Daylight Time),,F,Jovaniburgh,NM
Brett,Emmerich,Fri Jul 11 1958 15:38:37 GMT-0500 (Central Daylight Time),,F,Ebertton,IN
Zena,Jacobi,Sat Oct 27 1973 13:27:04 GMT-0500 (Central Daylight Time),,F,Port Abigayleshire,NH
Merle,Schoen,Fri Dec 10 1993 16:32:22 GMT-0600 (Central Standard Time),,M,Cristophertown,RI
Paige,Wunsch,Thu Aug 18 1977 13:54:08 GMT-0500 (Central Daylight Time),,M,Lake Graysonside,PA
Luciano,Emard,Sun Jul 13 1975 17:21:58 GMT-0500 (Central Daylight Time),,F,North Nolaborough,CT
Leonor,Watsica,Sat Mar 06 1965 05:29:35 GMT-0600 (Central Standard Time),,M,West Rodrigoside,IL
Madyson,Bayer,Mon Feb 05 1945 03:53:56 GMT-0500 (Central Standard Time),,M,Antonialand,ND
Edna,Harris,Sat Nov 06 1982 05:29:48 GMT-0600 (Central Standard Time),,F,Kulasshire,FL
Brennan,Hamill,Tue Jun 23 1992 15:09:44 GMT-0500 (Central Daylight Time),,F,South Eudoramouth,MN
Kira,Treutel,Mon Sep 14 1931 00:18:48 GMT-0500 (Central Daylight Time),,M,South Hyman,FL
Narciso,Kertzmann,Sat Feb 22 1930 16:35:19 GMT-0600 (Central Standard Time),,F,East Camilaburgh,MD
Karianne,Kuhic,Thu Mar 03 1994 06:36:52 GMT-0600 (Central Standard Time),,M,Andersonside,MD
Rey,Auer,Sun Jun 02 1935 01:47:13 GMT-0500 (Central Daylight Time),,F,Noelmouth,VT
Herman,Beer,Mon Sep 19 1955 07:26:52 GMT-0500 (Central Daylight Time),,M,Fisherfort,KY
Ethel,Keeling,Sat Jan 29 1944 23:27:16 GMT-0500 (Central Standard Time),,F,North Favianshire,PA
Chasity,Kuhic,Thu Jun 13 1996 05:27:14 GMT-0500 (Central Daylight Time),,F,Marquardtview,LA
Carole,Anderson,Sun Jan 07 1990 00:05:43 GMT-0600 (Central Standard Time),,F,Phyllisfurt,WI
Frankie,Walter,Sat May 12 1934 23:18:03 GMT-0500 (Central Daylight Time),,M,West Cole,SD
Hubert,Mills,Wed Mar 25 1942 19:41:35 GMT-0500 (Central Daylight Time),,M,Predovicmouth,TN
Jasen,Howell,Mon Feb 10 1975 00:01:40 GMT-0600 (Central Standard Time),,M,Waelchiland,AL
Kathlyn,Hahn,Thu May 21 1981 20:28:51 GMT-0500 (Central Daylight Time),,M,Edwinastad,KY
Jermey,Cormier,Sat Apr 27 1940 08:50:57 GMT-0600 (Central Daylight Time),,M,Port Coltonbury,VA
Jaden,Dare,Sun Nov 20 1938 10:19:55 GMT-0600 (Central Standard Time),,M,West Frankiefurt,WV
Zakary,Zboncak,Tue Jun 24 1947 15:17:13 GMT-0500 (Central Daylight Time),,M,South Louisa,RI
Verona,Turner,Thu Apr 27 1978 00:42:20 GMT-0600 (Central Standard Time),,M,Howefort,NY
Laurel,Parisian,Fri Mar 04 1988 18:06:18 GMT-0600 (Central Standard Time),,F,New Fayemouth,MO
Kiara,Russel,Thu Apr 23 1931 02:10:49 GMT-0600 (Central Daylight Time),,M,Greenholtmouth,AK
Wava,Kerluke,Tue May 08 1984 03:20:51 GMT-0500 (Central Daylight Time),,F,West Lee,FL
Magdalen,Wolff,Wed Jul 27 1994 11:09:44 GMT-0500 (Central Daylight Time),,F,South Katelynnburgh,SD
Kyra,Ondricka,Mon Apr 06 1959 23:32:53 GMT-0600 (Central Daylight Time),,M,Herthaport,TX
Kristin,Rempel,Sat Mar 08 1958 00:49:45 GMT-0600 (Central Standard Time),,F,South Randalburgh,OH
Santos,Frami,Sat Mar 30 1935 12:02:32 GMT-0600 (Central Daylight Time),,M,East Clark,RI
Kevon,Heathcote,Sun Nov 05 1944 16:32:27 GMT-0500 (Central Standard Time),,M,New Donniestad,UT
Jefferey,Hand,Mon Nov 19 1979 11:10:34 GMT-0600 (Central Standard Time),,F,New Aurore,ND
Sid,Auer,Thu Apr 24 1969 00:48:09 GMT-0600 (Central Daylight Time),,M,Taniachester,CT
Jo,Swaniawski,Tue Feb 21 1956 18:01:40 GMT-0600 (Central Standard Time),,F,Pierreshire,KY
Jameson,Shields,Thu Jun 27 1957 01:18:31 GMT-0500 (Central Daylight Time),,M,East Gertrude,SC
Angelina,Swaniawski,Thu Sep 26 1935 14:59:32 GMT-0500 (Central Daylight Time),,F,Port Jackfurt,AZ
Mario,Miller,Thu May 28 1959 12:47:55 GMT-0500 (Central Daylight Time),,M,Glenview,AL
Ola,Huels,Sat Mar 11 1944 02:17:46 GMT-0500 (Central Standard Time),,F,Lake Hollisfurt,PA
Marisol,Moore,Fri Jul 02 1965 11:10:25 GMT-0500 (Central Daylight Time),,M,Schambergerberg,PA
Jake,Buckridge,Thu Aug 28 1958 16:25:30 GMT-0500 (Central Daylight Time),,M,Port Fausto,UT
Emory,Kemmer,Thu Aug 04 1977 09:54:46 GMT-0500 (Central Daylight Time),,F,New Alta,NM
Tristian,Heaney,Wed Oct 23 1974 15:06:06 GMT-0500 (Central Daylight Time),,M,Schadenfurt,NC
Cecil,Raynor,Thu Oct 19 1950 03:31:15 GMT-0600 (Central Daylight Time),,F,East Vinnieton,PA
Adonis,Hessel,Tue Mar 25 1986 11:47:26 GMT-0600 (Central Standard Time),,F,East Madyson,ND
Arturo,Green,Sat Jun 03 1989 15:44:13 GMT-0500 (Central Daylight Time),,M,Port Summer,CA
Wava,Nienow,Thu Jun 28 1962 10:41:32 GMT-0500 (Central Daylight Time),,F,South Franciscohaven,KY
Barton,Fritsch,Sat May 30 1936 21:54:33 GMT-0500 (Central Daylight Time),,M,Destineyland,HI
Nyah,Gerhold,Tue Jun 15 1976 18:53:44 GMT-0500 (Central Daylight Time),,M,Josiannetown,GA
Sterling,Treutel,Fri May 31 1996 23:10:43 GMT-0500 (Central Daylight Time),,F,New Wandaborough,AZ
Parker,Windler,Mon Aug 11 1952 10:38:12 GMT-0500 (Central Daylight Time),,M,Hermistonstad,VT
Dorothy,Towne,Sun Jan 30 1977 10:07:13 GMT-0600 (Central Standard Time),,M,South Abigailborough,OK
Ulices,Nolan,Sun Feb 20 1955 08:41:50 GMT-0600 (Central Standard Time),,M,East Alejandrinview,CT
Justyn,Schimmel,Wed Aug 01 1928 14:44:26 GMT-0500 (Central Daylight Time),,M,South Juston,KS
Eladio,Steuber,Wed Mar 13 1957 01:36:46 GMT-0600 (Central Daylight Time),,M,New Hilda,NV
Ahmad,Klocko,Mon Apr 19 1976 10:50:25 GMT-0600 (Central Standard Time),,M,East Korbin,LA
Silas,Johns,Thu Jan 18 1962 10:22:12 GMT-0600 (Central Standard Time),,M,West Domenickfort,NM
Rickie,Koelpin,Tue Apr 30 1963 05:30:23 GMT-0500 (Central Daylight Time),,F,North Carletonland,MS
Daisha,Hoppe,Wed Apr 08 1998 16:12:55 GMT-0500 (Central Daylight Time),,M,East Robertafurt,NY
Briana,Corwin,Sun Nov 03 1974 10:00:18 GMT-0600 (Central Standard Time),,F,New Aleenstad,IA
Letha,McLaughlin,Mon Feb 22 1971 16:13:49 GMT-0600 (Central Standard Time),,F,North Kim,OK
Blair,Crooks,Thu Jul 12 1928 00:36:19 GMT-0500 (Central Daylight Time),,F,Laurinehaven,ND
Kyla,Corkery,Thu Oct 31 1940 08:10:01 GMT-0600 (Central Daylight Time),,F,Zboncakside,IL
Kody,Hoppe,Wed Oct 31 1979 21:08:30 GMT-0600 (Central Standard Time),,M,Wehnerfort,MD
Cierra,Gibson,Thu Jan 30 1986 08:24:18 GMT-0600 (Central Standard Time),,F,Port Felton,KY
Isabella,Hoppe,Thu May 01 1941 17:42:40 GMT-0500 (Central Daylight Time),,M,Lake Sim,AR
Santino,Mayer,Thu Aug 24 1961 06:58:52 GMT-0500 (Central Daylight Time),,M,O'Reillyhaven,FL
Brennan,Kuhlman,Mon Feb 16 1981 19:48:31 GMT-0600 (Central Standard Time),,F,South Julioberg,KY
Amiya,Roob,Tue Feb 20 1990 16:59:24 GMT-0600 (Central Standard Time),,M,Port Bulah,PA
Milo,Rutherford,Thu May 06 1976 03:22:35 GMT-0500 (Central Daylight Time),,M,New Desireetown,AZ
Justen,Swaniawski,Fri Oct 01 1943 14:26:24 GMT-0500 (Central Daylight Time),,F,Jalenburgh,SC
Kayley,Wehner,Thu Jul 20 1995 14:30:12 GMT-0500 (Central Daylight Time),,M,South Sebastian,KS
Walker,Hackett,Mon Feb 27 1939 13:51:02 GMT-0600 (Central Standard Time),,M,Port Marty,UT
Braxton,Schoen,Wed Mar 10 1982 20:47:05 GMT-0600 (Central Standard Time),,F,Quigleytown,ME
Zack,Glover,Sun Aug 07 1960 07:45:24 GMT-0500 (Central Daylight Time),,M,Ahmadport,MN
Jordane,Dietrich,Wed Oct 25 1961 06:27:44 GMT-0500 (Central Daylight Time),,F,Torpstad,TN
Gregg,Langosh,Mon Feb 18 1957 18:39:42 GMT-0600 (Central Standard Time),,M,Shemarland,NY
Lennie,Littel,Wed Mar 29 1967 03:01:42 GMT-0600 (Central Daylight Time),,M,O'Harafurt,TN
Ethan,Koss,Mon Mar 22 1993 11:00:12 GMT-0600 (Central Standard Time),,M,Cummeratafurt,NC
Yazmin,Schimmel,Tue Feb 12 1991 09:02:32 GMT-0600 (Central Standard Time),,M,Cummeratamouth,AZ
Judson,Adams,Sun Oct 27 1968 23:47:16 GMT-0600 (Central Daylight Time),,F,Kaitlinstad,NM
Kaden,Swift,Tue May 14 1935 16:54:17 GMT-0500 (Central Daylight Time),,M,Alainafurt,ND
Dino,Pollich,Fri May 18 1962 16:03:35 GMT-0500 (Central Daylight Time),,M,South Wendellbury,RI
Cecilia,Lemke,Tue May 01 1928 20:01:39 GMT-0500 (Central Daylight Time),,M,North Danielashire,AR
Chloe,Miller,Sun Mar 10 1991 13:36:11 GMT-0600 (Central Standard Time),,F,New Minervafurt,WI
Arden,Shields,Sat May 28 1988 05:52:18 GMT-0500 (Central Daylight Time),,F,Port Maggieton,MO
Antonette,Brown,Mon Sep 28 1959 08:28:28 GMT-0500 (Central Daylight Time),,F,North Lawsonborough,OH
Arjun,Stoltenberg,Mon Jan 20 1947 20:24:07 GMT-0600 (Central Standard Time),,M,Henrietteport,FL
Randy,Bartell,Fri Mar 14 1969 21:13:17 GMT-0600 (Central Daylight Time),,M,South Bernard,UT
Olga,Hintz,Sat Jul 18 1953 06:58:20 GMT-0500 (Central Daylight Time),,M,East Lionelmouth,MN
Emely,Cummerata,Thu Jul 19 1928 07:57:12 GMT-0500 (Central Daylight Time),,F,South Alivia,FL
Logan,Boehm,Sat Oct 22 1988 12:40:07 GMT-0500 (Central Daylight Time),,F,New Elna,TX
Wiley,Leuschke,Sun Feb 04 1968 10:04:20 GMT-0600 (Central Standard Time),,M,New Kelsieberg,NY
Haven,Kuvalis,Fri Jan 20 1984 11:46:39 GMT-0600 (Central Standard Time),,M,Metamouth,SC
Gardner,Stanton,Thu Mar 08 1945 02:33:55 GMT-0500 (Central Standard Time),,M,West Abraham,NY
Dejuan,Monahan,Tue Dec 08 1998 06:00:52 GMT-0600 (Central Standard Time),,F,Darrellborough,TN
Christopher,Marvin,Thu Jan 09 1947 03:32:16 GMT-0600 (Central Standard Time),,F,East Turnermouth,NM
Nona,Greenholt,Fri Feb 04 1938 11:55:20 GMT-0600 (Central Standard Time),,M,West Zena,CA
Eveline,Erdman,Sun Aug 12 1951 01:20:25 GMT-0500 (Central Daylight Time),,M,Daynaberg,NY
Anastasia,Yost,Sat Sep 08 1951 02:40:17 GMT-0500 (Central Daylight Time),,M,Lennaborough,NJ
Denis,Funk,Fri Feb 05 1999 13:50:21 GMT-0600 (Central Standard Time),,F,Fredymouth,OR
America,Bernhard,Thu Jan 28 1965 03:00:42 GMT-0600 (Central Standard Time),,M,North Omermouth,VA
Summer,Farrell,Tue Jun 12 1962 11:51:16 GMT-0500 (Central Daylight Time),,F,North Ansley,TX
Liliana,Wuckert,Sat Feb 25 1995 16:08:48 GMT-0600 (Central Standard Time),,F,Hudsonton,WV
Darren,Sporer,Sun Feb 24 1974 08:40:43 GMT-0500 (Central Daylight Time),,F,Yundtland,OR
Brianne,Kling,Sat May 07 1949 00:25:04 GMT-0500 (Central Daylight Time),,M,Lake Judge,TN
Anissa,Fay,Tue Jun 18 1963 15:52:52 GMT-0500 (Central Daylight Time),,M,Claudview,NY
Trycia,Douglas,Sun Feb 21 1982 14:55:24 GMT-0600 (Central Standard Time),,M,Lake Diannahaven,NY
Kale,D'Amore,Wed May 29 1940 16:49:48 GMT-0500 (Central Daylight Time),,F,Feilmouth,KS
Don,Fahey,Tue Dec 24 1974 16:58:58 GMT-0600 (Central Standard Time),,F,Aufderharton,GA
Cassandre,Haley,Sun Nov 30 1980 14:01:06 GMT-0600 (Central Standard Time),,M,Kshlerinfort,NV
Reilly,Corwin,Tue Oct 24 1995 09:37:58 GMT-0500 (Central Daylight Time),,M,Hoseaburgh,OK
Stanton,Trantow,Fri Jul 19 1963 11:37:55 GMT-0500 (Central Daylight Time),,F,New Nichole,UT
Carol,Maggio,Tue Sep 22 1936 06:05:31 GMT-0500 (Central Daylight Time),,M,South Liliane,TN
Maci,Effertz,Thu Dec 31 1987 02:37:42 GMT-0600 (Central Standard Time),,F,Beerberg,ME
Dejuan,Oberbrunner,Sat Jan 10 1959 00:07:06 GMT-0600 (Central Standard Time),,M,Barrettmouth,MT
Murl,Farrell,Sat Feb 25 1995 05:59:33 GMT-0600 (Central Standard Time),,M,Lake Lamont,VT
Maybelle,Marvin,Wed Jan 17 1968 16:04:35 GMT-0600 (Central Standard Time),,M,West Ali,NY
Dena,Leffler,Tue Mar 05 1940 18:05:23 GMT-0600 (Central Standard Time),,F,Zemlakfort,ID
Rupert,Abernathy,Mon Jan 29 1973 03:12:04 GMT-0600 (Central Standard Time),,M,North Destin,NE
Eda,Von,Wed Jan 16 1974 16:39:54 GMT-0500 (Central Daylight Time),,M,Erickfort,AR
Ally,Kreiger,Thu Nov 20 1969 21:01:17 GMT-0600 (Central Standard Time),,F,North Josefinaland,MA
Ida,Haag,Tue Sep 18 1928 07:25:01 GMT-0500 (Central Daylight Time),,M,Harveyborough,GA
Marcelo,Aufderhar,Wed Nov 16 1977 17:21:43 GMT-0600 (Central Standard Time),,F,North Gussieport,PA
Wilford,Predovic,Fri Oct 20 1961 11:15:45 GMT-0500 (Central Daylight Time),,M,Blandaside,ID
Chasity,Dare,Sat Jun 25 1938 04:26:13 GMT-0500 (Central Daylight Time),,F,South Tristian,MD
Addison,Padberg,Sat Nov 13 1943 02:03:52 GMT-0500 (Central Standard Time),,M,New Leraborough,AR
Glennie,Bosco,Wed Apr 16 1997 16:43:55 GMT-0500 (Central Daylight Time),,F,Zulaufbury,TX
Brain,Torphy,Sun Mar 17 1946 05:44:56 GMT-0600 (Central Daylight Time),,M,Hahnview,RI
Antonio,Swaniawski,Thu Nov 05 1987 04:58:20 GMT-0600 (Central Standard Time),,M,Libbyfort,SD
Ivy,Medhurst,Thu Nov 14 1985 04:52:38 GMT-0600 (Central Standard Time),,F,Antoniohaven,NV
Consuelo,Jast,Fri Apr 19 1991 00:35:00 GMT-0500 (Central Daylight Time),,M,East Xzavier,CO
Maureen,Klein,Mon Jan 10 1938 15:51:39 GMT-0600 (Central Standard Time),,M,Sigurdhaven,NJ
Delbert,Sanford,Fri Mar 08 1974 04:40:45 GMT-0500 (Central Daylight Time),,M,West Dexter,NM
Arne,Klein,Sun Jul 14 1991 21:47:51 GMT-0500 (Central Daylight Time),,M,North Shainaborough,WV
Assunta,Bergnaum,Tue Dec 28 1965 19:46:24 GMT-0600 (Central Standard Time),,M,South Amir,CT
April,Halvorson,Sat Apr 10 1937 15:16:09 GMT-0600 (Central Daylight Time),,F,North Aniyabury,MD
Raquel,Schuppe,Sun Feb 02 1992 02:37:04 GMT-0600 (Central Standard Time),,F,Ethelynville,MT
Winona,Tromp,Wed May 14 1975 08:15:41 GMT-0500 (Central Daylight Time),,F,Albinamouth,IA
Myles,McKenzie,Tue May 31 1994 00:34:03 GMT-0500 (Central Daylight Time),,F,South Donavon,KS
Nova,Von,Thu Mar 30 1933 11:47:53 GMT-0600 (Central Daylight Time),,F,East Demarcus,AK
Billy,Feil,Tue Jul 11 1939 16:40:05 GMT-0500 (Central Daylight Time),,F,North Malcolmside,CT
Terrell,Thiel,Sun Oct 02 1932 09:00:38 GMT-0600 (Central Daylight Time),,M,South Danniemouth,CA
Jillian,Jast,Fri Jan 19 1968 05:04:01 GMT-0600 (Central Standard Time),,M,New Tod,VT
Michaela,Hansen,Mon Feb 01 1988 13:13:49 GMT-0600 (Central Standard Time),,F,South Keeganchester,NM
Jacynthe,Bailey,Thu Jun 24 1976 14:30:17 GMT-0500 (Central Daylight Time),,F,North Luigi,LA
Shania,Stamm,Sat May 09 1931 01:42:52 GMT-0500 (Central Daylight Time),,M,Alverastad,MO
Maud,Turcotte,Mon Dec 05 1988 04:00:55 GMT-0600 (Central Standard Time),,F,West Francisca,VT
Veronica,Rowe,Tue Nov 09 1971 08:16:59 GMT-0600 (Central Standard Time),,M,Cummingsmouth,KS
Ransom,Frami,Sun Aug 19 1934 15:57:51 GMT-0500 (Central Daylight Time),,F,New Aryanna,MT
Grover,Ledner,Sat Feb 26 1944 02:09:31 GMT-0500 (Central Standard Time),,M,Port Mason,OK
Florine,Schimmel,Tue Mar 29 1955 04:42:12 GMT-0600 (Central Daylight Time),,M,Simonisville,NY
Blaise,Adams,Mon Aug 01 1977 11:02:04 GMT-0500 (Central Daylight Time),,F,Federicoside,WI
Maybelle,Cummerata,Fri Jun 03 1983 09:35:05 GMT-0500 (Central Daylight Time),,F,Dickiview,MO
Arvel,Runte,Sun Nov 02 1941 13:43:02 GMT-0600 (Central Standard Time),,M,Bernierfort,IA
Kailyn,Kozey,Tue Nov 24 1981 20:54:43 GMT-0600 (Central Standard Time),,F,Wilsonmouth,WI
Kylee,Watsica,Sat Nov 03 1973 02:08:37 GMT-0600 (Central Standard Time),,F,Toneyport,MA
Reyes,Towne,Sat Mar 11 2000 13:38:21 GMT-0600 (Central Standard Time),,F,North Guidoborough,ID
Ronny,Gerhold,Sun May 17 1959 15:23:56 GMT-0500 (Central Daylight Time),,M,Hesselberg,NM
Jacinto,Von,Sun Sep 29 1968 19:52:50 GMT-0500 (Central Daylight Time),,M,New Ikeville,ND
Lillie,Waters,Sun Apr 05 1981 14:07:41 GMT-0600 (Central Standard Time),,F,Kreigerport,IN
Dedrick,Beier,Fri Apr 13 1951 10:46:28 GMT-0600 (Central Daylight Time),,M,Darrenton,NC
Nadia,Kshlerin,Wed Sep 19 1990 22:45:44 GMT-0500 (Central Daylight Time),,F,D'Amoreberg,MA
Delaney,Ruecker,Mon Apr 23 1951 06:16:06 GMT-0600 (Central Daylight Time),,F,Ericaville,TN
Fabiola,Lubowitz,Sun Oct 04 1987 19:24:23 GMT-0500 (Central Daylight Time),,F,Daughertyborough,NC
Sasha,Mante,Fri Jun 20 1941 11:42:58 GMT-0500 (Central Daylight Time),,F,Jakubowskiberg,GA
Jayda,Nitzsche,Sat Jan 07 1984 12:40:33 GMT-0600 (Central Standard Time),,M,Isidroton,NH
Graciela,Rohan,Tue Mar 16 1999 08:11:43 GMT-0600 (Central Standard Time),,M,Elnashire,ME
Aurelio,Crona,Sun Aug 24 1986 01:02:59 GMT-0500 (Central Daylight Time),,M,East Juliannetown,AL
Jimmy,Gerlach,Sun Feb 05 1933 10:17:41 GMT-0600 (Central Standard Time),,M,Kington,TX
Claudine,Denesik,Sun Sep 17 1995 15:06:54 GMT-0500 (Central Daylight Time),,M,Rutherfordhaven,VT
Ashlee,Kuphal,Fri Jan 11 1957 19:02:28 GMT-0600 (Central Standard Time),,F,East Micheletown,ME
